Observation_ID,Latitude,Longitude,Elevation_in_Meters,Phenophase_ID,Observation_Date,Abundance_Binary
31981805,32.207932,-110.989532,719,489,2022-08-05,0
2553074,32.335339,-111.151489,787,489,2013-07-26,1
7884764,32.221745,-110.926476,757,489,2016-05-19,0
7620926,32.221745,-110.926476,757,489,2016-04-19,0
9195354,32.221745,-110.926476,757,489,2016-11-01,0
3179148,32.323166,-110.85717,912,489,2013-06-28,0
30134937,31.909029,-110.834198,1004,489,2022-04-04,0
15464889,32.221745,-110.926476,757,489,2018-11-11,0
9031464,32.221745,-110.926476,757,489,2016-10-11,1
2733420,32.335339,-111.151489,787,489,2013-10-03,0
3179402,32.354427,-110.939468,947,489,2013-07-03,0
17593781,32.106998,-110.773804,909,489,2019-08-03,1
4798223,32.221745,-110.926476,757,489,2014-12-16,0
2479719,32.300781,-110.771034,849,489,2013-08-01,0
14964887,32.221745,-110.926476,757,489,2018-09-15,0
29129694,31.909029,-110.834198,1004,489,2021-05-10,0
13052011,32.221745,-110.926476,757,489,2018-02-27,0
17635011,32.003471,-110.632599,1048,489,2019-08-08,0
10117333,32.221745,-110.926476,757,489,2017-03-21,0
6279797,32.221745,-110.926476,757,489,2015-09-08,1
15652661,32.221745,-110.926476,757,489,2018-12-15,0
29130597,31.909029,-110.834198,1004,489,2021-06-07,0
3228440,32.221745,-110.926476,757,489,2013-12-30,0
28029908,31.909029,-110.834198,1004,489,2021-10-25,1
3299244,32.221745,-110.926476,757,489,2014-02-25,0
13578909,32.221745,-110.926476,757,489,2018-04-16,0
29129761,31.909029,-110.834198,1004,489,2021-05-10,1
2404907,32.21703,-111.036446,777,489,2013-07-22,0
15888726,32.221745,-110.926476,757,489,2019-02-10,0
17634950,32.216526,-110.993439,724,489,2019-08-07,1
4748554,32.221745,-110.926476,757,489,2014-12-09,0
7253043,32.221745,-110.926476,757,489,2016-03-15,0
29132059,31.909029,-110.834198,1004,489,2021-07-12,0
14901909,32.221745,-110.926476,757,489,2018-09-06,0
13175158,32.221745,-110.926476,757,489,2018-03-13,0
5232820,32.221745,-110.926476,757,489,2015-03-10,1
3179442,32.354427,-110.939468,947,489,2013-07-11,0
5439631,32.221745,-110.926476,757,489,2015-04-14,0
3419170,32.221745,-110.926476,757,489,2014-03-30,0
15323702,32.221745,-110.926476,757,489,2018-10-27,1
29136392,31.909029,-110.834198,1004,489,2021-11-15,0
5604248,32.221745,-110.926476,757,489,2015-05-05,0
4198563,32.221745,-110.926476,757,489,2014-08-26,0
3705260,32.284794,-111.03727,689,489,2014-05-12,0
5971686,32.221745,-110.926476,757,489,2015-07-07,0
12976977,32.221745,-110.926476,757,489,2018-02-19,0
4798263,32.221745,-110.926476,757,489,2014-12-23,1
29134130,31.909029,-110.834198,1004,489,2021-09-07,1
7157746,32.221745,-110.926476,757,489,2016-03-01,0
9972945,32.221745,-110.926476,757,489,2017-03-05,0
3101606,32.354427,-110.939468,947,489,2013-08-14,0
5496469,32.221745,-110.926476,757,489,2015-04-21,0
5439663,32.221745,-110.926476,757,489,2015-04-14,0
11727861,32.221745,-110.926476,757,489,2017-08-29,1
9972937,32.221745,-110.926476,757,489,2017-03-05,0
33485722,32.348148,-110.854065,1157,489,2023-05-13,0
11378352,32.221745,-110.926476,757,489,2017-07-14,0
5545328,32.221745,-110.926476,757,489,2015-04-28,0
17634879,32.106998,-110.773804,909,489,2019-08-06,0
29129282,31.909029,-110.834198,1004,489,2021-05-04,1
3433812,32.284794,-111.03727,689,489,2014-03-24,0
15248546,32.221745,-110.926476,757,489,2018-10-20,1
8659086,32.221745,-110.926476,757,489,2016-09-13,1
29134880,31.909029,-110.834198,1004,489,2021-09-27,1
3996872,32.284794,-111.03727,689,489,2014-07-14,0
4812045,32.221745,-110.926476,757,489,2014-12-30,0
13052019,32.221745,-110.926476,757,489,2018-02-27,0
9836112,32.221745,-110.926476,757,489,2017-02-13,0
29138440,31.909029,-110.834198,1004,489,2022-01-05,0
29131704,31.909029,-110.834198,1004,489,2021-07-06,0
4677004,32.221745,-110.926476,757,489,2014-11-24,0
4798191,32.221745,-110.926476,757,489,2014-12-16,0
2588243,32.212666,-111.001831,794,489,2013-08-22,1
31104915,32.430599,-110.948799,824,489,2022-09-03,1
8716171,32.221745,-110.926476,757,489,2016-09-20,1
9972913,32.221745,-110.926476,757,489,2017-03-05,0
3343021,32.221745,-110.926476,757,489,2014-03-11,0
4334924,32.221745,-110.926476,757,489,2014-09-28,1
13175118,32.221745,-110.926476,757,489,2018-03-13,0
30579157,32.227749,-110.90049,772,489,2022-07-04,0
29127721,31.909029,-110.834198,1004,489,2021-03-22,1
14964903,32.221745,-110.926476,757,489,2018-09-15,0
29698030,31.909029,-110.834198,1004,489,2022-03-02,0
4477061,32.221745,-110.926476,757,489,2014-10-21,1
2641432,32.335339,-111.151489,787,489,2013-09-23,0
3179797,32.354427,-110.939468,947,489,2013-11-16,0
14698655,32.221745,-110.926476,757,489,2018-08-05,0
29135037,31.909029,-110.834198,1004,489,2021-10-04,1
3788610,32.270481,-111.108124,844,489,2014-05-22,0
5648746,32.221745,-110.926476,757,489,2015-05-12,0
3179473,32.354427,-110.939468,947,489,2013-07-11,0
30930397,32.213741,-110.985985,721,489,2022-08-21,1
16472019,32.221745,-110.926476,757,489,2019-04-14,0
30511950,32.348148,-110.854065,1157,489,2022-06-26,0
8552019,32.221745,-110.926476,757,489,2016-08-30,0
15773640,32.221745,-110.926476,757,489,2019-01-15,0
7057538,32.221745,-110.926476,757,489,2016-02-09,0
3101733,32.354427,-110.939468,947,489,2013-08-02,0
29128823,31.909029,-110.834198,1004,489,2021-04-21,1
8598904,32.221745,-110.926476,757,489,2016-09-06,1
3179694,32.354427,-110.939468,947,489,2013-10-03,0
14901917,32.221745,-110.926476,757,489,2018-09-06,1
12112142,32.221745,-110.926476,757,489,2017-10-10,0
29133343,31.909029,-110.834198,1004,489,2021-08-16,1
5821812,32.221745,-110.926476,757,489,2015-06-09,0
13578885,32.221745,-110.926476,757,489,2018-04-16,0
29132963,31.909029,-110.834198,1004,489,2021-08-09,1
2592991,32.21703,-111.036446,777,489,2013-09-12,0
29698144,31.909029,-110.834198,1004,489,2022-03-02,0
6537085,32.221745,-110.926476,757,489,2015-10-20,1
17565463,32.210743,-110.99173,855,489,2019-07-29,1
3101662,32.354427,-110.939468,947,489,2013-08-28,0
29134313,31.909029,-110.834198,1004,489,2021-09-13,1
29128895,31.909029,-110.834198,1004,489,2021-04-21,1
14782399,32.221745,-110.926476,757,489,2018-08-18,1
29138640,31.909029,-110.834198,1004,489,2022-01-10,0
11679634,32.221745,-110.926476,757,489,2017-08-22,1
29138760,31.909029,-110.834198,1004,489,2022-01-10,0
3548799,32.221745,-110.926476,757,489,2014-04-22,0
13175126,32.221745,-110.926476,757,489,2018-03-13,0
9672693,32.221745,-110.926476,757,489,2017-01-17,0
5735742,32.221745,-110.926476,757,489,2015-05-26,0
15723271,32.221745,-110.926476,757,489,2018-12-31,0
3228658,32.221745,-110.926476,757,489,2014-01-21,0
17593773,32.194801,-110.773102,878,489,2019-08-03,1
8332783,32.221745,-110.926476,757,489,2016-07-26,0
7015346,32.221745,-110.926476,757,489,2016-02-02,0
4248509,32.221745,-110.926476,757,489,2014-09-07,1
30134985,31.909029,-110.834198,1004,489,2022-04-04,0
5648754,32.221745,-110.926476,757,489,2015-05-12,0
3419122,32.221745,-110.926476,757,489,2014-03-30,0
29136696,31.909029,-110.834198,1004,489,2021-11-22,1
6242873,32.221745,-110.926476,757,489,2015-09-01,1
15959691,32.221745,-110.926476,757,489,2019-02-24,0
7309200,32.221745,-110.926476,757,489,2016-03-22,0
4521504,32.221745,-110.926476,757,489,2014-10-28,1
6537117,32.221745,-110.926476,757,489,2015-10-20,1
7759766,32.221745,-110.926476,757,489,2016-05-04,0
9788638,32.221745,-110.926476,757,489,2017-02-06,0
11378344,32.221745,-110.926476,757,489,2017-07-14,0
7117880,32.221745,-110.926476,757,489,2016-02-16,0
15626058,32.221745,-110.926476,757,489,2018-12-09,0
3242520,32.221745,-110.926476,757,489,2014-02-04,0
30939201,32.23296,-110.862015,770,489,2022-08-21,1
7553789,32.221745,-110.926476,757,489,2016-04-12,0
7015386,32.221745,-110.926476,757,489,2016-02-02,0
4334908,32.221745,-110.926476,757,489,2014-09-28,0
11727853,32.221745,-110.926476,757,489,2017-08-29,1
15248586,32.221745,-110.926476,757,489,2018-10-20,1
3179362,32.326332,-110.853836,914,489,2013-12-11,0
3179915,32.329834,-110.849831,946,489,2013-11-21,0
29132000,31.909029,-110.834198,1004,489,2021-07-12,0
3179266,32.323166,-110.85717,912,489,2013-12-03,0
4334900,32.221745,-110.926476,757,489,2014-09-28,1
28030005,31.909029,-110.834198,1004,489,2021-10-25,0
8218338,32.221745,-110.926476,757,489,2016-07-05,0
6981799,32.221745,-110.926476,757,489,2016-01-26,0
31981845,32.207932,-110.989532,719,489,2022-09-09,1
9090150,32.221745,-110.926476,757,489,2016-10-18,0
30849934,32.221367,-110.784576,827,489,2022-08-06,0
14364030,32.221745,-110.926476,757,489,2018-06-23,1
9972897,32.221745,-110.926476,757,489,2017-02-27,0
3179196,32.323166,-110.85717,912,489,2013-08-23,1
5267798,32.221745,-110.926476,757,489,2015-03-17,0
9739798,32.221745,-110.926476,757,489,2017-01-31,0
6859669,32.221745,-110.926476,757,489,2015-12-15,0
4550883,32.221745,-110.926476,757,489,2014-11-02,1
2571384,32.21703,-111.036446,777,489,2013-09-05,0
30551220,32.430599,-110.948799,824,489,2022-06-29,0
29130232,31.909029,-110.834198,1004,489,2021-05-24,0
3110866,32.326332,-110.853836,914,489,2013-07-30,0
4248517,32.221745,-110.926476,757,489,2014-09-07,1
4274458,32.221745,-110.926476,757,489,2014-09-14,0
6956806,32.221745,-110.926476,757,489,2016-01-18,0
5195699,32.221745,-110.926476,757,489,2015-02-24,1
3179805,32.354427,-110.939468,947,489,2013-11-16,0
3619886,32.270481,-111.108124,844,489,2014-04-24,0
4676996,32.221745,-110.926476,757,489,2014-11-24,0
6647441,32.221745,-110.926476,757,489,2015-11-03,1
11439410,32.221745,-110.926476,757,489,2017-07-21,1
6859709,32.221745,-110.926476,757,489,2015-12-15,0
6478492,32.221745,-110.926476,757,489,2015-10-09,1
14531891,32.221745,-110.926476,757,489,2018-07-14,0
5821779,32.221745,-110.926476,757,489,2015-06-02,0
10117138,32.221745,-110.926476,757,489,2017-03-12,0
29131892,31.909029,-110.834198,1004,489,2021-07-12,0
16471979,32.221745,-110.926476,757,489,2019-04-14,0
3101630,32.354427,-110.939468,947,489,2013-08-14,0
5207544,32.221745,-110.926476,757,489,2015-03-01,1
6808490,32.221745,-110.926476,757,489,2015-12-01,0
3179601,32.354427,-110.939468,947,489,2013-09-20,0
7117872,32.221745,-110.926476,757,489,2016-02-16,0
29130736,31.909029,-110.834198,1004,489,2021-06-07,0
14531883,32.221745,-110.926476,757,489,2018-07-14,0
6690909,32.221745,-110.926476,757,489,2015-11-10,1
4917257,32.221745,-110.926476,757,489,2015-01-27,0
3228384,32.221745,-110.926476,757,489,2013-12-24,0
29126419,31.909029,-110.834198,1004,489,2021-02-15,0
13175150,32.221745,-110.926476,757,489,2018-03-13,0
6478516,32.221745,-110.926476,757,489,2015-10-09,1
4078944,32.221745,-110.926476,757,489,2014-07-27,1
29138692,31.909029,-110.834198,1004,489,2022-01-10,0
3419138,32.221745,-110.926476,757,489,2014-03-30,0
17674248,32.21402,-110.999268,764,489,2019-08-13,1
30783184,32.227749,-110.90049,772,489,2022-08-01,1
11500191,32.221745,-110.926476,757,489,2017-07-29,1
29134220,31.909029,-110.834198,1004,489,2021-09-13,1
8659126,32.221745,-110.926476,757,489,2016-09-13,1
5439655,32.221745,-110.926476,757,489,2015-04-14,1
11439402,32.221745,-110.926476,757,489,2017-07-21,1
14531899,32.221745,-110.926476,757,489,2018-07-14,0
29132373,31.909029,-110.834198,1004,489,2021-07-19,0
17634934,32.21402,-110.999268,764,489,2019-08-07,1
4477053,32.221745,-110.926476,757,489,2014-10-21,1
9836120,32.221745,-110.926476,757,489,2017-02-13,0
4042072,32.270481,-111.108124,844,489,2014-07-17,1
28030097,31.909029,-110.834198,1004,489,2021-11-01,0
4042074,32.270481,-111.108124,844,489,2014-07-21,1
29128384,31.909029,-110.834198,1004,489,2021-04-06,1
7684403,32.221745,-110.926476,757,489,2016-04-26,0
3179726,32.354427,-110.939468,947,489,2013-11-06,0
4198573,32.284794,-111.03727,689,489,2014-08-24,1
30874917,32.221367,-110.784576,827,489,2022-08-09,0
29138867,31.909029,-110.834198,1004,489,2022-01-17,0
30572848,32.23296,-110.862015,770,489,2022-07-03,0
3365181,32.221745,-110.926476,757,489,2014-03-18,0
30707624,32.4006,-111.144203,631,489,2022-07-20,0
30134479,31.909029,-110.834198,1004,489,2022-03-21,0
2548775,32.21703,-111.036446,777,489,2013-08-28,0
15022862,32.221745,-110.926476,757,489,2018-09-23,0
3110850,32.326332,-110.853836,914,489,2013-07-08,0
9499934,32.221745,-110.926476,757,489,2016-12-06,0
28029933,31.909029,-110.834198,1004,489,2021-10-25,1
15852727,32.221745,-110.926476,757,489,2019-02-02,0
4223410,32.221745,-110.926476,757,489,2014-09-01,1
29138919,31.909029,-110.834198,1004,489,2022-01-17,0
15852711,32.221745,-110.926476,757,489,2019-02-02,0
9672701,32.221745,-110.926476,757,489,2017-01-17,0
5439647,32.221745,-110.926476,757,489,2015-04-14,0
8552043,32.221745,-110.926476,757,489,2016-08-30,1
15959683,32.221745,-110.926476,757,489,2019-02-24,0
4477093,32.221745,-110.926476,757,489,2014-10-21,0
29134566,31.909029,-110.834198,1004,489,2021-09-20,1
29128287,31.909029,-110.834198,1004,489,2021-04-06,1
5496477,32.221745,-110.926476,757,489,2015-04-21,1
8659102,32.221745,-110.926476,757,489,2016-09-13,1
8290685,32.221745,-110.926476,757,489,2016-07-19,0
28030046,31.909029,-110.834198,1004,489,2021-11-01,1
4198555,32.221745,-110.926476,757,489,2014-08-26,0
5780836,32.221745,-110.926476,757,489,2015-06-02,0
12721142,32.221745,-110.926476,757,489,2018-01-03,0
30805562,32.4006,-111.144203,631,489,2022-08-03,0
11378360,32.221745,-110.926476,757,489,2017-07-14,0
9499950,32.221745,-110.926476,757,489,2016-12-06,0
4631533,32.221745,-110.926476,757,489,2014-11-18,0
4248477,32.221745,-110.926476,757,489,2014-09-07,1
2490790,32.21703,-111.036446,777,489,2013-08-12,0
8915149,32.221745,-110.926476,757,489,2016-09-27,0
4677036,32.221745,-110.926476,757,489,2014-11-24,0
30859467,32.4006,-111.144203,631,489,2022-08-10,0
3101670,32.354427,-110.939468,947,489,2013-08-28,1
5648762,32.221745,-110.926476,757,489,2015-05-12,0
4167471,32.221745,-110.926476,757,489,2014-08-18,1
4274442,32.221745,-110.926476,757,489,2014-09-14,1
4963225,32.221745,-110.926476,757,489,2015-02-10,0
29132238,31.909029,-110.834198,1004,489,2021-07-19,1
30849920,32.221367,-110.784576,827,489,2022-08-06,0
17674264,32.216526,-110.993439,724,489,2019-08-13,1
15584998,32.221745,-110.926476,757,489,2018-12-01,0
30874830,32.213741,-110.985985,721,489,2022-08-12,1
3179875,32.329834,-110.849831,946,489,2013-09-10,1
15723263,32.221745,-110.926476,757,489,2018-12-31,0
29130868,31.909029,-110.834198,1004,489,2021-06-14,0
8505959,32.221745,-110.926476,757,489,2016-08-23,1
5693629,32.221745,-110.926476,757,489,2015-05-19,0
6322479,32.221745,-110.926476,757,489,2015-09-15,1
8972957,32.221745,-110.926476,757,489,2016-10-04,1
17540869,32.210743,-110.99173,855,489,2019-07-22,0
28030106,31.909029,-110.834198,1004,489,2021-11-01,1
11500223,32.221745,-110.926476,757,489,2017-07-29,1
5821781,32.221745,-110.926476,757,489,2015-06-09,0
14364014,32.221745,-110.926476,757,489,2018-06-23,0
4296848,32.221745,-110.926476,757,489,2014-09-20,1
11849189,32.221745,-110.926476,757,489,2017-09-12,1
11500207,32.221745,-110.926476,757,489,2017-07-29,1
4798247,32.221745,-110.926476,757,489,2014-12-23,0
5393237,32.221745,-110.926476,757,489,2015-04-07,1
2588227,32.212666,-111.001831,794,489,2013-08-13,1
30133740,31.909029,-110.834198,1004,489,2022-03-07,0
29137047,31.909029,-110.834198,1004,489,2021-11-29,0
2588115,32.22612,-111.000984,719,489,2013-08-29,0
2381347,32.300781,-110.771034,849,489,2013-07-14,0
31981741,32.216526,-110.993439,724,489,2022-08-05,1
3179631,32.354427,-110.939468,947,489,2013-09-27,0
4296880,32.221745,-110.926476,757,489,2014-09-20,1
8290653,32.221745,-110.926476,757,489,2016-07-19,0
7684419,32.221745,-110.926476,757,489,2016-04-26,0
4223294,32.221745,-110.926476,757,489,2014-08-10,1
12721135,32.221745,-110.926476,757,489,2018-01-03,0
3250183,32.221745,-110.926476,757,489,2014-02-11,0
14901893,32.221745,-110.926476,757,489,2018-09-06,1
2553089,32.335339,-111.151489,787,489,2013-08-20,1
3110914,32.326332,-110.853836,914,489,2013-09-19,1
4223402,32.221745,-110.926476,757,489,2014-08-26,1
8659094,32.221745,-110.926476,757,489,2016-09-13,1
4631557,32.221745,-110.926476,757,489,2014-11-18,0
4798199,32.221745,-110.926476,757,489,2014-12-16,0
29132880,31.909029,-110.834198,1004,489,2021-08-04,1
29137801,31.909029,-110.834198,1004,489,2021-12-20,1
4223458,32.221745,-110.926476,757,489,2014-09-01,1
2588147,32.212666,-111.001831,794,489,2013-07-23,1
5267774,32.221745,-110.926476,757,489,2015-03-17,1
2553079,32.335339,-111.151489,787,489,2013-08-02,0
15959667,32.221745,-110.926476,757,489,2019-02-24,0
9972953,32.221745,-110.926476,757,489,2017-03-05,0
4596342,32.221745,-110.926476,757,489,2014-11-11,0
4430667,32.270481,-111.108124,844,489,2014-10-09,0
9788646,32.221745,-110.926476,757,489,2017-02-06,0
6770041,32.221745,-110.926476,757,489,2015-11-24,1
29137871,31.909029,-110.834198,1004,489,2021-12-20,0
4119372,32.221745,-110.926476,757,489,2014-08-05,1
6075846,32.221745,-110.926476,757,489,2015-07-28,0
11575022,32.221745,-110.926476,757,489,2017-08-08,1
7057554,32.221745,-110.926476,757,489,2016-02-09,0
4248493,32.221745,-110.926476,757,489,2014-09-07,1
14698647,32.221745,-110.926476,757,489,2018-08-05,0
6207193,32.221745,-110.926476,757,489,2015-08-25,1
14471260,32.348148,-110.854065,1157,489,2018-07-07,0
11914162,32.221745,-110.926476,757,489,2017-09-19,0
13578901,32.221745,-110.926476,757,489,2018-04-16,0
29126597,31.909029,-110.834198,1004,489,2021-02-22,0
6741360,32.221745,-110.926476,757,489,2015-11-17,1
5232804,32.221745,-110.926476,757,489,2015-03-10,0
5604224,32.221745,-110.926476,757,489,2015-05-05,0
14364038,32.221745,-110.926476,757,489,2018-06-23,0
8972941,32.221745,-110.926476,757,489,2016-10-04,1
29129981,31.909029,-110.834198,1004,489,2021-05-17,0
11439394,32.221745,-110.926476,757,489,2017-07-21,1
15852719,32.221745,-110.926476,757,489,2019-02-02,0
16472003,32.221745,-110.926476,757,489,2019-04-14,0
29128653,31.909029,-110.834198,1004,489,2021-04-13,1
15692704,32.221745,-110.926476,757,489,2018-12-23,0
7375739,32.221745,-110.926476,757,489,2016-03-29,0
17594069,32.003471,-110.632599,1048,489,2019-08-03,0
17634913,32.337002,-110.6912,1324,489,2019-08-06,0
6956775,32.221745,-110.926476,757,489,2016-01-18,0
3454675,32.221745,-110.926476,757,489,2014-04-06,0
30874938,32.221367,-110.784576,827,489,2022-08-09,0
17998677,32.21402,-110.999268,764,489,2019-09-21,0
9972921,32.221745,-110.926476,757,489,2017-03-05,0
5693605,32.221745,-110.926476,757,489,2015-05-19,0
29697164,31.909029,-110.834198,1004,489,2022-02-08,0
15652701,32.221745,-110.926476,757,489,2018-12-15,0
12748357,32.221745,-110.926476,757,489,2018-01-09,0
4963241,32.221745,-110.926476,757,489,2015-02-10,0
29130836,31.909029,-110.834198,1004,489,2021-06-14,0
3179781,32.354427,-110.939468,947,489,2013-11-16,0
7117888,32.221745,-110.926476,757,489,2016-02-16,0
6046511,32.221745,-110.926476,757,489,2015-07-21,0
15723239,32.221745,-110.926476,757,489,2018-12-31,0
6647401,32.221745,-110.926476,757,489,2015-11-03,1
3179867,32.329834,-110.849831,946,489,2013-08-30,0
6322463,32.221745,-110.926476,757,489,2015-09-15,1
4703189,32.221745,-110.926476,757,489,2014-12-02,0
8420960,32.221745,-110.926476,757,489,2016-08-09,1
9593900,32.221745,-110.926476,757,489,2016-12-27,0
5648786,32.221745,-110.926476,757,489,2015-05-12,0
3198830,32.354427,-110.939468,947,489,2014-01-15,1
10117349,32.221745,-110.926476,757,489,2017-03-21,0
6183696,32.221745,-110.926476,757,489,2015-08-19,0
29134930,31.909029,-110.834198,1004,489,2021-09-27,1
8552027,32.221745,-110.926476,757,489,2016-08-30,1
11789881,32.221745,-110.926476,757,489,2017-09-05,1
13175134,32.221745,-110.926476,757,489,2018-03-13,0
30882296,32.277527,-110.86657,787,489,2022-07-27,0
7209183,32.221745,-110.926476,757,489,2016-03-08,0
29130276,31.909029,-110.834198,1004,489,2021-05-24,1
3101725,32.354427,-110.939468,947,489,2013-08-02,0
4521520,32.221745,-110.926476,757,489,2014-10-28,1
15126150,32.221745,-110.926476,757,489,2018-10-06,1
9256265,32.221745,-110.926476,757,489,2016-11-07,0
5604216,32.221745,-110.926476,757,489,2015-05-05,0
29134950,31.909029,-110.834198,1004,489,2021-09-27,1
2588235,32.212666,-111.001831,794,489,2013-08-22,1
30764034,32.23296,-110.862015,770,489,2022-07-24,0
3179577,32.354427,-110.939468,947,489,2013-09-20,0
29136317,31.909029,-110.834198,1004,489,2021-11-15,1
7117864,32.221745,-110.926476,757,489,2016-02-16,0
4298960,32.270481,-111.108124,844,489,2014-09-04,1
4550875,32.221745,-110.926476,757,489,2014-11-02,0
29135105,31.909029,-110.834198,1004,489,2021-10-04,1
3245511,32.354427,-110.939468,947,489,2014-02-07,0
29137784,31.909029,-110.834198,1004,489,2021-12-20,0
29128912,31.909029,-110.834198,1004,489,2021-04-21,1
29129329,31.909029,-110.834198,1004,489,2021-05-04,0
29129283,31.909029,-110.834198,1004,489,2021-05-04,0
12748389,32.221745,-110.926476,757,489,2018-01-09,0
3179172,32.323166,-110.85717,912,489,2013-07-30,1
4596334,32.221745,-110.926476,757,489,2014-11-11,0
29133396,31.909029,-110.834198,1004,489,2021-08-16,1
3987020,32.221745,-110.926476,757,489,2014-07-13,0
4798231,32.221745,-110.926476,757,489,2014-12-23,0
33695943,32.348148,-110.854065,1157,489,2023-05-27,0
29131042,31.909029,-110.834198,1004,489,2021-06-14,0
5971694,32.221745,-110.926476,757,489,2015-07-07,0
11849221,32.221745,-110.926476,757,489,2017-09-12,0
9704344,32.221745,-110.926476,757,489,2017-01-23,0
29137072,31.909029,-110.834198,1004,489,2021-11-29,0
31026067,32.4006,-111.144203,631,489,2022-08-31,1
29137481,31.909029,-110.834198,1004,489,2021-12-13,0
9739806,32.221745,-110.926476,757,489,2017-01-31,0
5971678,32.221745,-110.926476,757,489,2015-07-07,0
6770073,32.221745,-110.926476,757,489,2015-11-24,0
14534807,32.348148,-110.854065,1157,489,2018-07-15,0
3433810,32.270481,-111.108124,844,489,2014-03-27,0
29132199,31.909029,-110.834198,1004,489,2021-07-19,0
6496034,32.221745,-110.926476,757,489,2015-10-13,1
3788614,32.284794,-111.03727,689,489,2014-05-19,0
31981821,32.207932,-110.989532,719,489,2022-08-19,1
7375715,32.221745,-110.926476,757,489,2016-03-29,0
6322455,32.221745,-110.926476,757,489,2015-09-15,1
29138311,31.909029,-110.834198,1004,489,2022-01-05,0
3337197,32.354427,-110.939468,947,489,2014-03-07,0
8505975,32.221745,-110.926476,757,489,2016-08-23,1
5232812,32.221745,-110.926476,757,489,2015-03-10,1
3179210,32.323166,-110.85717,912,489,2013-09-10,1
29128864,31.909029,-110.834198,1004,489,2021-04-21,1
13051995,32.221745,-110.926476,757,489,2018-02-27,0
4812005,32.221745,-110.926476,757,489,2014-12-30,0
7057578,32.221745,-110.926476,757,489,2016-02-09,0
3179569,32.354427,-110.939468,947,489,2013-09-20,0
33699270,32.340065,-110.897728,1167,489,2023-05-31,0
29138186,31.909029,-110.834198,1004,489,2021-12-28,0
6496018,32.221745,-110.926476,757,489,2015-10-13,1
29127905,31.909029,-110.834198,1004,489,2021-03-22,1
9704368,32.221745,-110.926476,757,489,2017-01-23,0
31981829,32.207932,-110.989532,719,489,2022-08-26,1
14840025,32.221745,-110.926476,757,489,2018-08-28,1
8992015,27.925507,-110.963875,4,489,2016-10-06,1
14840041,32.221745,-110.926476,757,489,2018-08-28,0
29136478,31.909029,-110.834198,1004,489,2021-11-15,0
29131303,31.909029,-110.834198,1004,489,2021-06-21,0
8915117,32.221745,-110.926476,757,489,2016-09-27,0
5604240,32.221745,-110.926476,757,489,2015-05-05,0
15923145,32.221745,-110.926476,757,489,2019-02-17,0
11849197,32.221745,-110.926476,757,489,2017-09-12,0
29137566,31.909029,-110.834198,1004,489,2021-12-13,0
6368524,32.221745,-110.926476,757,489,2015-09-22,1
6000270,32.221745,-110.926476,757,489,2015-07-13,0
11575046,32.221745,-110.926476,757,489,2017-08-08,1
2427212,32.300781,-110.771034,849,489,2013-07-18,0
9195362,32.221745,-110.926476,757,489,2016-11-01,0
4119340,32.221745,-110.926476,757,489,2014-08-05,1
16199538,32.221745,-110.926476,757,489,2019-03-24,0
31981837,32.207932,-110.989532,719,489,2022-09-02,1
30849867,32.221367,-110.784576,827,489,2022-08-03,0
30802410,32.23296,-110.862015,770,489,2022-07-31,0
29136714,31.909029,-110.834198,1004,489,2021-11-22,0
9672709,32.221745,-110.926476,757,489,2017-01-17,0
3179639,32.354427,-110.939468,947,489,2013-09-27,0
29133023,31.909029,-110.834198,1004,489,2021-08-09,1
3110882,32.326332,-110.853836,914,489,2013-08-13,0
29139216,31.909029,-110.834198,1004,489,2022-01-24,0
4042079,32.284794,-111.03727,689,489,2014-07-21,1
9195370,32.221745,-110.926476,757,489,2016-11-01,0
3242472,32.221745,-110.926476,757,489,2014-02-04,1
14840033,32.221745,-110.926476,757,489,2018-08-28,1
33485730,32.348148,-110.854065,1157,489,2023-05-13,0
15692728,32.221745,-110.926476,757,489,2018-12-23,0
13310653,32.221745,-110.926476,757,489,2018-03-26,1
5861752,32.221745,-110.926476,757,489,2015-06-16,0
4596350,32.221745,-110.926476,757,489,2014-11-11,0
7392837,32.343025,-111.028534,697,489,2016-03-30,1
3101614,32.354427,-110.939468,947,489,2013-08-14,0
9972873,32.221745,-110.926476,757,489,2017-02-27,0
8655961,27.925507,-110.963875,4,489,2016-09-12,1
9836128,32.221745,-110.926476,757,489,2017-02-13,0
30134288,31.909029,-110.834198,1004,489,2022-03-21,0
5439671,32.221745,-110.926476,757,489,2015-04-14,0
29134935,31.909029,-110.834198,1004,489,2021-09-27,1
17855666,32.216526,-110.993439,724,489,2019-09-08,1
17634887,32.194801,-110.773102,878,489,2019-08-06,1
29132632,31.909029,-110.834198,1004,489,2021-08-04,1
15022870,32.221745,-110.926476,757,489,2018-09-23,0
17540929,32.216526,-110.993439,724,489,2019-07-24,1
15741365,32.221745,-110.926476,757,489,2019-01-06,0
11500215,32.221745,-110.926476,757,489,2017-07-29,1
7684387,32.221745,-110.926476,757,489,2016-04-26,0
15741381,32.221745,-110.926476,757,489,2019-01-06,0
6478524,32.221745,-110.926476,757,489,2015-10-09,1
2588219,32.212666,-111.001831,794,489,2013-08-13,1
7157754,32.221745,-110.926476,757,489,2016-03-01,0
5496453,32.221745,-110.926476,757,489,2015-04-21,0
29126389,31.909029,-110.834198,1004,489,2021-02-15,0
4167479,32.221745,-110.926476,757,489,2014-08-18,1
6368508,32.221745,-110.926476,757,489,2015-09-22,1
3314441,32.221745,-110.926476,757,489,2014-03-04,0
30849927,32.221367,-110.784576,827,489,2022-08-06,0
9788630,32.221745,-110.926476,757,489,2017-02-06,0
3179529,32.354427,-110.939468,947,489,2013-09-12,1
10117325,32.221745,-110.926476,757,489,2017-03-21,0
29130299,31.909029,-110.834198,1004,489,2021-06-01,0
31365824,32.430599,-110.948799,824,489,2022-10-06,0
7253051,32.221745,-110.926476,757,489,2016-03-15,0
29696961,31.909029,-110.834198,1004,489,2022-02-02,0
30630506,32.221367,-110.784576,827,489,2022-07-07,0
3342309,32.284794,-111.03727,689,489,2014-03-09,0
14746270,32.221745,-110.926476,757,489,2018-08-12,1
4430776,32.221745,-110.926476,757,489,2014-10-14,1
6808482,32.221745,-110.926476,757,489,2015-12-01,0
13310669,32.221745,-110.926476,757,489,2018-03-26,0
29135379,31.909029,-110.834198,1004,489,2021-10-11,1
7375121,32.221745,-110.926476,757,489,2016-03-22,0
4835272,32.221745,-110.926476,757,489,2015-01-06,0
29129471,31.909029,-110.834198,1004,489,2021-05-04,0
29137019,31.909029,-110.834198,1004,489,2021-11-29,1
29133355,31.909029,-110.834198,1004,489,2021-08-16,1
4917281,32.221745,-110.926476,757,489,2015-01-27,0
29697233,31.909029,-110.834198,1004,489,2022-02-08,0
3179273,32.323166,-110.85717,912,489,2013-12-11,0
5168163,32.221745,-110.926476,757,489,2015-02-17,0
15741357,32.221745,-110.926476,757,489,2019-01-06,0
31084156,32.4006,-111.144203,631,489,2022-09-08,1
30630821,32.23296,-110.862015,770,489,2022-07-10,0
11439370,32.221745,-110.926476,757,489,2017-07-21,1
7979480,32.221745,-110.926476,757,489,2016-05-31,0
5195739,32.221745,-110.926476,757,489,2015-02-24,0
29137124,31.909029,-110.834198,1004,489,2021-11-29,0
6981807,32.221745,-110.926476,757,489,2016-01-26,0
4521480,32.221745,-110.926476,757,489,2014-10-28,1
28029904,31.909029,-110.834198,1004,489,2021-10-25,0
9031456,32.221745,-110.926476,757,489,2016-10-11,1
15464905,32.221745,-110.926476,757,489,2018-11-11,0
7553765,32.221745,-110.926476,757,489,2016-04-12,0
4798215,32.221745,-110.926476,757,489,2014-12-16,0
5168139,32.221745,-110.926476,757,489,2015-02-17,0
15585014,32.221745,-110.926476,757,489,2018-12-01,0
15773617,32.221745,-110.926476,757,489,2019-01-15,0
29697424,31.909029,-110.834198,1004,489,2022-02-15,0
29132078,31.909029,-110.834198,1004,489,2021-07-12,0
29138444,31.909029,-110.834198,1004,489,2022-01-05,0
11849229,32.221745,-110.926476,757,489,2017-09-12,0
17540913,32.21402,-110.999268,764,489,2019-07-24,0
6741328,32.221745,-110.926476,757,489,2015-11-17,1
3179891,32.329834,-110.849831,946,489,2013-09-26,1
4812021,32.221745,-110.926476,757,489,2014-12-30,0
17579471,32.21402,-110.999268,764,489,2019-07-31,1
26633189,32.348148,-110.854065,1157,489,2021-07-17,1
5207536,32.221745,-110.926476,757,489,2015-03-01,0
14964871,32.221745,-110.926476,757,489,2018-09-15,1
29697950,31.909029,-110.834198,1004,489,2022-03-02,0
29132605,31.909029,-110.834198,1004,489,2021-07-26,1
3228682,32.221745,-110.926476,757,489,2014-01-29,0
6741344,32.221745,-110.926476,757,489,2015-11-17,1
14443070,32.221745,-110.926476,757,489,2018-07-02,1
29132418,31.909029,-110.834198,1004,489,2021-07-26,1
11914146,32.221745,-110.926476,757,489,2017-09-19,1
9704336,32.221745,-110.926476,757,489,2017-01-23,0
8598936,32.221745,-110.926476,757,489,2016-09-06,0
31981749,32.216526,-110.993439,724,489,2022-08-12,1
6000294,32.221745,-110.926476,757,489,2015-07-13,0
29137620,31.909029,-110.834198,1004,489,2021-12-13,0
4430752,32.221745,-110.926476,757,489,2014-10-14,1
16472011,32.221745,-110.926476,757,489,2019-04-14,0
6183664,32.221745,-110.926476,757,489,2015-08-19,1
5168131,32.221745,-110.926476,757,489,2015-02-17,0
29139254,31.909029,-110.834198,1004,489,2022-01-24,0
4812029,32.221745,-110.926476,757,489,2014-12-30,0
30943295,32.340065,-110.897728,1167,489,2022-08-06,1
5353520,32.221745,-110.926476,757,489,2015-03-31,1
3987246,32.270481,-111.108124,844,489,2014-06-19,0
6207201,32.221745,-110.926476,757,489,2015-08-25,1
5393245,32.221745,-110.926476,757,489,2015-04-07,1
3179663,32.354427,-110.939468,947,489,2013-09-27,0
7117937,32.221745,-110.926476,757,489,2016-02-23,0
29131483,31.909029,-110.834198,1004,489,2021-06-28,0
22952072,32.216415,-110.800583,819,489,2020-07-01,0
30679490,32.340065,-110.897728,1167,489,2022-07-16,0
29131253,31.909029,-110.834198,1004,489,2021-06-21,0
15537677,32.221745,-110.926476,757,489,2018-11-25,0
3101646,32.354427,-110.939468,947,489,2013-08-14,0
29133480,31.909029,-110.834198,1004,489,2021-08-23,1
29696828,31.909029,-110.834198,1004,489,2022-02-02,0
6075830,32.221745,-110.926476,757,489,2015-07-28,0
29138018,31.909029,-110.834198,1004,489,2021-12-28,0
6496042,32.221745,-110.926476,757,489,2015-10-13,1
11789889,32.221745,-110.926476,757,489,2017-09-05,0
11679642,32.221745,-110.926476,757,489,2017-08-22,1
9435338,32.221745,-110.926476,757,489,2016-11-29,0
8218330,32.221745,-110.926476,757,489,2016-07-05,0
30134203,31.909029,-110.834198,1004,489,2022-03-15,0
29128665,31.909029,-110.834198,1004,489,2021-04-13,1
9327442,32.221745,-110.926476,757,489,2016-11-15,0
29129620,31.909029,-110.834198,1004,489,2021-05-10,0
2570037,32.329834,-110.849831,946,489,2013-06-22,0
3179250,32.323166,-110.85717,912,489,2013-11-21,0
9435331,32.221745,-110.926476,757,489,2016-11-29,0
4963233,32.221745,-110.926476,757,489,2015-02-10,0
15323726,32.221745,-110.926476,757,489,2018-10-27,1
7015362,32.221745,-110.926476,757,489,2016-02-02,0
5496485,32.221745,-110.926476,757,489,2015-04-21,0
5267790,32.221745,-110.926476,757,489,2015-03-17,1
14964911,32.221745,-110.926476,757,489,2018-09-15,0
29137440,31.909029,-110.834198,1004,489,2021-12-13,1
3705256,32.270481,-111.108124,844,489,2014-05-15,0
9643956,32.221745,-110.926476,757,489,2017-01-10,0
3101686,32.354427,-110.939468,947,489,2013-08-28,0
15888734,32.221745,-110.926476,757,489,2019-02-10,0
15022878,32.221745,-110.926476,757,489,2018-09-23,0
15323718,32.221745,-110.926476,757,489,2018-10-27,1
10117114,32.221745,-110.926476,757,489,2017-03-12,0
33758490,32.348148,-110.854065,1157,489,2023-06-03,0
29126795,31.909029,-110.834198,1004,489,2021-03-01,0
3433814,32.284794,-111.03727,689,489,2014-03-30,0
29137298,31.909029,-110.834198,1004,489,2021-12-06,1
8420984,32.221745,-110.926476,757,489,2016-08-09,1
29132579,31.909029,-110.834198,1004,489,2021-07-26,0
8218354,32.221745,-110.926476,757,489,2016-07-05,0
3987248,32.270481,-111.108124,844,489,2014-06-26,0
8290669,32.221745,-110.926476,757,489,2016-07-19,0
29129526,31.909029,-110.834198,1004,489,2021-05-10,0
4631525,32.221745,-110.926476,757,489,2014-11-18,0
8716195,32.221745,-110.926476,757,489,2016-09-20,1
17594061,32.0896,-110.773102,916,489,2019-08-03,0
6413518,32.221745,-110.926476,757,489,2015-09-29,1
29134045,31.909029,-110.834198,1004,489,2021-09-07,1
4477069,32.221745,-110.926476,757,489,2014-10-21,1
14840049,32.221745,-110.926476,757,489,2018-08-28,1
11378328,32.221745,-110.926476,757,489,2017-07-14,0
17634863,32.003471,-110.632599,1048,489,2019-08-06,0
5393221,32.221745,-110.926476,757,489,2015-04-07,0
31171537,32.430599,-110.948799,824,489,2022-09-17,1
9435346,32.221745,-110.926476,757,489,2016-11-29,0
24692034,29.455299,-100.9533,358,489,2021-02-05,0
15248570,32.221745,-110.926476,757,489,2018-10-20,1
15248578,32.221745,-110.926476,757,489,2018-10-20,1
6413526,32.221745,-110.926476,757,489,2015-09-29,1
3198846,32.354427,-110.939468,947,489,2014-01-15,1
17579487,32.216526,-110.993439,724,489,2019-07-31,0
3228328,32.221745,-110.926476,757,489,2013-12-17,0
6322471,32.221745,-110.926476,757,489,2015-09-15,1
14592835,32.221745,-110.926476,757,489,2018-07-22,0
6537101,32.221745,-110.926476,757,489,2015-10-20,1
12042592,32.221745,-110.926476,757,489,2017-10-03,0
8218322,32.221745,-110.926476,757,489,2016-07-05,0
4223378,32.221745,-110.926476,757,489,2014-08-26,1
9643932,32.221745,-110.926476,757,489,2017-01-03,0
9672717,32.221745,-110.926476,757,489,2017-01-17,0
6046503,32.221745,-110.926476,757,489,2015-07-21,0
29131337,31.909029,-110.834198,1004,489,2021-06-28,0
6279789,32.221745,-110.926476,757,489,2015-09-08,1
29132897,31.909029,-110.834198,1004,489,2021-08-09,1
9031432,32.221745,-110.926476,757,489,2016-10-11,1
29129095,31.909029,-110.834198,1004,489,2021-04-26,0
6183656,32.221745,-110.926476,757,489,2015-08-19,1
4835256,32.221745,-110.926476,757,489,2015-01-06,0
8421000,32.221745,-110.926476,757,489,2016-08-09,1
15537693,32.221745,-110.926476,757,489,2018-11-25,0
7759750,32.221745,-110.926476,757,489,2016-05-04,0
2427220,32.300781,-110.771034,849,489,2013-07-28,0
3179386,32.326332,-110.853836,914,489,2014-01-11,0
29137161,31.909029,-110.834198,1004,489,2021-12-06,1
6413510,32.221745,-110.926476,757,489,2015-09-29,1
8251832,32.221745,-110.926476,757,489,2016-07-12,0
9643884,32.221745,-110.926476,757,489,2016-12-27,0
14443110,32.221745,-110.926476,757,489,2018-07-02,0
3179140,32.323166,-110.85717,912,489,2013-06-22,0
3179749,32.354427,-110.939468,947,489,2013-11-06,0
9593884,32.221745,-110.926476,757,489,2016-12-27,0
6242889,32.221745,-110.926476,757,489,2015-09-01,1
6808498,32.221745,-110.926476,757,489,2015-12-01,0
6207169,32.221745,-110.926476,757,489,2015-08-25,1
9195346,32.221745,-110.926476,757,489,2016-11-01,0
2588123,32.22612,-111.000984,719,489,2013-08-29,0
29133713,31.909029,-110.834198,1004,489,2021-08-30,1
17579449,32.337002,-110.6912,1324,489,2019-07-30,0
30505327,32.143288,-110.669304,974,489,2022-06-25,0
3179418,32.354427,-110.939468,947,489,2013-07-03,0
5735726,32.221745,-110.926476,757,489,2015-05-26,0
2429692,32.21703,-111.036446,777,489,2013-07-29,0
9972868,32.221745,-110.926476,757,489,2017-02-27,0
15959675,32.221745,-110.926476,757,489,2019-02-24,0
28030187,31.909029,-110.834198,1004,489,2021-11-01,0
15888742,32.221745,-110.926476,757,489,2019-02-10,0
17540887,32.337002,-110.6912,1324,489,2019-07-24,0
6413494,32.221745,-110.926476,757,489,2015-09-29,1
8972949,32.221745,-110.926476,757,489,2016-10-04,1
9195338,32.221745,-110.926476,757,489,2016-11-01,0
17557633,32.21402,-110.999268,764,489,2019-07-29,1
5735758,32.221745,-110.926476,757,489,2015-05-26,0
30134528,31.909029,-110.834198,1004,489,2022-03-28,0
29138923,31.909029,-110.834198,1004,489,2022-01-17,0
15626042,32.221745,-110.926476,757,489,2018-12-09,0
29129709,31.909029,-110.834198,1004,489,2021-05-10,0
3877772,32.212666,-111.001831,794,489,2014-06-21,0
16199530,32.221745,-110.926476,757,489,2019-03-24,0
6690893,32.221745,-110.926476,757,489,2015-11-10,0
3179907,32.329834,-110.849831,946,489,2013-11-10,0
5693621,32.221745,-110.926476,757,489,2015-05-19,0
29127345,31.909029,-110.834198,1004,489,2021-03-15,1
2588251,32.212666,-111.001831,794,489,2013-08-22,1
29130070,31.909029,-110.834198,1004,489,2021-05-24,0
4812013,32.221745,-110.926476,757,489,2014-12-30,0
15626050,32.221745,-110.926476,757,489,2018-12-09,0
9643900,32.221745,-110.926476,757,489,2017-01-03,0
4938166,32.221745,-110.926476,757,489,2015-02-02,0
6737483,32.226444,-110.952347,732,489,2015-11-16,1
29131668,31.909029,-110.834198,1004,489,2021-07-06,0
29128170,31.909029,-110.834198,1004,489,2021-03-29,1
4223434,32.221745,-110.926476,757,489,2014-09-01,1
9090174,32.221745,-110.926476,757,489,2016-10-18,0
10117122,32.221745,-110.926476,757,489,2017-03-12,0
12042576,32.221745,-110.926476,757,489,2017-10-03,0
9090182,32.221745,-110.926476,757,489,2016-10-18,1
29127206,31.909029,-110.834198,1004,489,2021-03-08,1
4938174,32.221745,-110.926476,757,489,2015-02-02,0
6183672,32.221745,-110.926476,757,489,2015-08-19,1
4430699,32.284794,-111.03727,689,489,2014-10-06,1
6650727,32.226444,-110.952347,732,489,2015-10-23,1
7209199,32.221745,-110.926476,757,489,2016-03-08,0
33828957,32.340065,-110.897728,1167,489,2023-06-13,0
7117969,32.221745,-110.926476,757,489,2016-02-23,0
4248469,32.221745,-110.926476,757,489,2014-09-07,1
30709997,32.430599,-110.948799,824,489,2022-07-21,0
4550867,32.221745,-110.926476,757,489,2014-11-02,1
3242488,32.221745,-110.926476,757,489,2014-02-04,0
3101765,32.354427,-110.939468,947,489,2013-08-08,0
29136594,31.909029,-110.834198,1004,489,2021-11-22,1
15652669,32.221745,-110.926476,757,489,2018-12-15,0
29126482,31.909029,-110.834198,1004,489,2021-02-22,0
17661280,32.00491,-110.686096,1050,489,2019-08-12,1
5971670,32.221745,-110.926476,757,489,2015-07-07,0
6000278,32.221745,-110.926476,757,489,2015-07-13,0
9869313,32.221745,-110.926476,757,489,2017-02-20,0
6368548,32.221745,-110.926476,757,489,2015-09-22,1
9327418,32.221745,-110.926476,757,489,2016-11-15,0
5207560,32.221745,-110.926476,757,489,2015-03-01,0
15652677,32.221745,-110.926476,757,489,2018-12-15,0
3619898,32.284794,-111.03727,689,489,2014-04-28,0
3101694,32.354427,-110.939468,947,489,2013-08-28,0
4386691,32.221745,-110.926476,757,489,2014-10-07,0
6207209,32.221745,-110.926476,757,489,2015-08-25,0
4136911,32.284794,-111.03727,689,489,2014-08-06,1
3337205,32.354427,-110.939468,947,489,2014-03-07,0
7759734,32.221745,-110.926476,757,489,2016-05-04,0
30705175,32.227749,-110.90049,772,489,2022-07-20,1
30542315,32.348148,-110.854065,1157,489,2022-06-26,0
3987252,32.270481,-111.108124,844,489,2014-07-10,0
4112860,32.27422,-110.869308,762,489,2014-08-02,1
17674309,32.00491,-110.686096,1050,489,2019-08-14,1
3228336,32.221745,-110.926476,757,489,2013-12-24,1
8552035,32.221745,-110.926476,757,489,2016-08-30,1
29135450,31.909029,-110.834198,1004,489,2021-10-11,1
33758492,32.348148,-110.854065,1157,489,2023-06-03,0
29136258,31.909029,-110.834198,1004,489,2021-11-08,0
31232656,32.430599,-110.948799,824,489,2022-09-24,0
5545344,32.221745,-110.926476,757,489,2015-04-28,0
3179813,32.329834,-110.849831,946,489,2013-07-08,0
30133761,31.909029,-110.834198,1004,489,2022-03-07,0
29137213,31.909029,-110.834198,1004,489,2021-12-06,0
7553797,32.221745,-110.926476,757,489,2016-04-12,0
5439639,32.221745,-110.926476,757,489,2015-04-14,0
30874911,32.221367,-110.784576,827,489,2022-08-09,1
29131512,31.909029,-110.834198,1004,489,2021-06-28,0
15923177,32.221745,-110.926476,757,489,2019-02-17,0
29137511,31.909029,-110.834198,1004,489,2021-12-13,1
7620934,32.221745,-110.926476,757,489,2016-04-19,0
12721127,32.221745,-110.926476,757,489,2018-01-03,0
8251840,32.221745,-110.926476,757,489,2016-07-12,0
8332759,32.221745,-110.926476,757,489,2016-07-26,0
29134294,31.909029,-110.834198,1004,489,2021-09-13,1
5353536,32.221745,-110.926476,757,489,2015-03-31,1
29135148,31.909029,-110.834198,1004,489,2021-10-04,1
29136256,31.909029,-110.834198,1004,489,2021-11-08,0
8251856,32.221745,-110.926476,757,489,2016-07-12,0
4248485,32.221745,-110.926476,757,489,2014-09-07,0
9704328,32.221745,-110.926476,757,489,2017-01-23,0
15652693,32.221745,-110.926476,757,489,2018-12-15,0
29130580,31.909029,-110.834198,1004,489,2021-06-07,1
11727869,32.221745,-110.926476,757,489,2017-08-29,0
3101773,32.354427,-110.939468,947,489,2013-08-08,0
3179394,32.354427,-110.939468,947,489,2013-07-03,0
9593868,32.221745,-110.926476,757,489,2016-12-27,0
29126269,31.909029,-110.834198,1004,489,2021-02-15,0
11914186,32.221745,-110.926476,757,489,2017-09-19,0
4430784,32.221745,-110.926476,757,489,2014-10-14,1
8450100,32.221745,-110.926476,757,489,2016-08-16,1
15959659,32.221745,-110.926476,757,489,2019-02-24,0
29134105,31.909029,-110.834198,1004,489,2021-09-07,1
12721166,32.221745,-110.926476,757,489,2018-01-03,0
30134830,31.909029,-110.834198,1004,489,2022-04-04,0
9643892,32.221745,-110.926476,757,489,2017-01-03,0
8450140,32.221745,-110.926476,757,489,2016-08-16,1
14651814,32.221745,-110.926476,757,489,2018-07-29,0
3294175,32.284794,-111.03727,689,489,2014-02-24,0
9739814,32.221745,-110.926476,757,489,2017-01-31,0
3179202,32.323166,-110.85717,912,489,2013-08-30,1
29131998,31.909029,-110.834198,1004,489,2021-07-12,0
17192096,32.181641,-110.714485,952,489,2019-06-07,0
15773609,32.221745,-110.926476,757,489,2019-01-15,0
5693613,32.221745,-110.926476,757,489,2015-05-19,0
7979496,32.221745,-110.926476,757,489,2016-05-31,0
8972973,32.221745,-110.926476,757,489,2016-10-04,1
14901885,32.221745,-110.926476,757,489,2018-09-06,1
9869305,32.221745,-110.926476,757,489,2017-02-20,0
4798183,32.221745,-110.926476,757,489,2014-12-16,0
9397174,32.221745,-110.926476,757,489,2016-11-22,0
6690885,32.221745,-110.926476,757,489,2015-11-10,1
3179426,32.354427,-110.939468,947,489,2013-07-03,0
3228666,32.221745,-110.926476,757,489,2014-01-29,1
6145121,32.221745,-110.926476,757,489,2015-08-12,1
17634976,32.233799,-110.772903,795,489,2019-08-08,0
9704352,32.221745,-110.926476,757,489,2017-01-23,0
15692744,32.221745,-110.926476,757,489,2018-12-23,0
29127186,31.909029,-110.834198,1004,489,2021-03-08,0
14964895,32.221745,-110.926476,757,489,2018-09-15,0
9869297,32.221745,-110.926476,757,489,2017-02-20,0
29127248,31.909029,-110.834198,1004,489,2021-03-08,0
14746278,32.221745,-110.926476,757,489,2018-08-12,1
3179883,32.329834,-110.849831,946,489,2013-09-19,1
4334940,32.221745,-110.926476,757,489,2014-09-28,0
29138008,31.909029,-110.834198,1004,489,2021-12-28,0
8972965,32.221745,-110.926476,757,489,2016-10-04,1
8385545,32.221745,-110.926476,757,489,2016-08-03,0
29128638,31.909029,-110.834198,1004,489,2021-04-13,1
3228554,32.221745,-110.926476,757,489,2014-01-14,1
9643908,32.221745,-110.926476,757,489,2017-01-03,0
14698663,32.221745,-110.926476,757,489,2018-08-05,0
11439378,32.221745,-110.926476,757,489,2017-07-21,1
4078896,32.221745,-110.926476,757,489,2014-07-27,1
2588139,32.212666,-111.001831,794,489,2013-07-23,1
6183704,32.221745,-110.926476,757,489,2015-08-04,1
3179757,32.354427,-110.939468,947,489,2013-11-06,0
29126672,31.909029,-110.834198,1004,489,2021-02-22,0
7209175,32.221745,-110.926476,757,489,2016-03-08,0
3179450,32.354427,-110.939468,947,489,2013-07-11,0
29129831,31.909029,-110.834198,1004,489,2021-05-17,0
6242897,32.221745,-110.926476,757,489,2015-09-01,1
15773648,32.221745,-110.926476,757,489,2019-01-15,0
31981765,32.216526,-110.993439,724,489,2022-08-26,1
30134610,31.909029,-110.834198,1004,489,2022-03-28,0
11914178,32.221745,-110.926476,757,489,2017-09-19,0
29138641,31.909029,-110.834198,1004,489,2022-01-10,0
4248501,32.221745,-110.926476,757,489,2014-09-07,1
4223426,32.221745,-110.926476,757,489,2014-09-01,0
29126783,31.909029,-110.834198,1004,489,2021-03-01,0
11575014,32.221745,-110.926476,757,489,2017-08-08,1
2588171,32.212666,-111.001831,794,489,2013-07-31,1
14698639,32.221745,-110.926476,757,489,2018-08-05,0
4274450,32.221745,-110.926476,757,489,2014-09-14,1
17674256,32.210743,-110.99173,855,489,2019-08-13,1
7117945,32.221745,-110.926476,757,489,2016-02-23,0
14651782,32.221745,-110.926476,757,489,2018-07-29,0
3228626,32.221745,-110.926476,757,489,2014-01-21,0
6279773,32.221745,-110.926476,757,489,2015-09-08,1
7553773,32.221745,-110.926476,757,489,2016-04-12,0
4798255,32.221745,-110.926476,757,489,2014-12-23,0
4223394,32.221745,-110.926476,757,489,2014-08-26,0
9327402,32.221745,-110.926476,757,489,2016-11-15,0
13175142,32.221745,-110.926476,757,489,2018-03-13,0
15923185,32.221745,-110.926476,757,489,2019-02-17,0
14651790,32.221745,-110.926476,757,489,2018-07-29,0
2588203,32.212666,-111.001831,794,489,2013-08-06,1
15323742,32.221745,-110.926476,757,489,2018-10-27,1
2588155,32.212666,-111.001831,794,489,2013-07-23,1
29135732,31.909029,-110.834198,1004,489,2021-10-18,1
3179434,32.354427,-110.939468,947,489,2013-07-03,0
6537093,32.221745,-110.926476,757,489,2015-10-20,1
28030009,31.909029,-110.834198,1004,489,2021-10-25,1
6183736,32.221745,-110.926476,757,489,2015-08-04,1
9836104,32.221745,-110.926476,757,489,2017-02-13,0
11849205,32.221745,-110.926476,757,489,2017-09-12,0
4596326,32.221745,-110.926476,757,489,2014-11-11,0
5195731,32.221745,-110.926476,757,489,2015-02-24,1
17674288,32.106998,-110.773804,909,489,2019-08-14,1
29139151,31.909029,-110.834198,1004,489,2022-01-24,0
29135361,31.909029,-110.834198,1004,489,2021-10-11,1
31147882,32.4006,-111.144203,631,489,2022-09-15,1
17540905,32.166607,-110.942673,771,489,2019-07-24,0
29134296,31.909029,-110.834198,1004,489,2021-09-13,1
4223386,32.221745,-110.926476,757,489,2014-08-26,1
6741336,32.221745,-110.926476,757,489,2015-11-17,0
30642848,32.227749,-110.90049,772,489,2022-07-12,1
17821422,32.278202,-110.77314,824,489,2019-09-02,1
30876146,32.430599,-110.948799,824,489,2022-08-11,1
3101741,32.354427,-110.939468,947,489,2013-08-02,1
3110874,32.326332,-110.853836,914,489,2013-08-06,0
29129996,31.909029,-110.834198,1004,489,2021-05-17,1
4296888,32.221745,-110.926476,757,489,2014-09-20,1
15537709,32.221745,-110.926476,757,489,2018-11-25,0
6859677,32.221745,-110.926476,757,489,2015-12-15,0
12976945,32.221745,-110.926476,757,489,2018-02-19,0
6647433,32.221745,-110.926476,757,489,2015-11-03,1
30770137,32.340065,-110.897728,1167,489,2022-07-30,0
6413502,32.221745,-110.926476,757,489,2015-09-29,1
3245503,32.354427,-110.939468,947,489,2014-02-07,1
15923169,32.221745,-110.926476,757,489,2019-02-17,0
30793317,32.213741,-110.985985,721,489,2022-08-02,0
8218314,32.221745,-110.926476,757,489,2016-07-05,0
3198838,32.354427,-110.939468,947,489,2014-01-23,1
13052003,32.221745,-110.926476,757,489,2018-02-27,0
29128618,31.909029,-110.834198,1004,489,2021-04-13,1
8332751,32.221745,-110.926476,757,489,2016-07-26,0
9836136,32.221745,-110.926476,757,489,2017-02-13,0
29697379,31.909029,-110.834198,1004,489,2022-02-15,0
7553781,32.221745,-110.926476,757,489,2016-04-12,0
29697832,31.909029,-110.834198,1004,489,2022-02-21,0
29130733,31.909029,-110.834198,1004,489,2021-06-07,0
30134402,31.909029,-110.834198,1004,489,2022-03-21,0
7209191,32.221745,-110.926476,757,489,2016-03-08,0
3275377,32.221745,-110.926476,757,489,2014-02-18,0
3275329,32.221745,-110.926476,757,489,2014-02-18,0
3365165,32.221745,-110.926476,757,489,2014-03-18,0
3179180,32.323166,-110.85717,912,489,2013-08-06,1
4938198,32.221745,-110.926476,757,489,2015-02-02,0
3101678,32.354427,-110.939468,947,489,2013-08-28,0
28030191,31.909029,-110.834198,1004,489,2021-11-01,1
30688496,32.23296,-110.862015,770,489,2022-07-17,0
4521496,32.221745,-110.926476,757,489,2014-10-28,1
29132278,31.909029,-110.834198,1004,489,2021-07-19,0
3228570,32.221745,-110.926476,757,489,2014-01-14,0
6647425,32.221745,-110.926476,757,489,2015-11-03,1
14651774,32.221745,-110.926476,757,489,2018-07-29,0
3228392,32.221745,-110.926476,757,489,2013-12-30,1
30764026,32.430599,-110.948799,824,489,2022-07-28,0
6046519,32.221745,-110.926476,757,489,2015-07-21,0
4334932,32.221745,-110.926476,757,489,2014-09-28,1
3110944,32.326332,-110.853836,914,489,2013-11-27,0
29133733,31.909029,-110.834198,1004,489,2021-08-30,1
17634895,32.233799,-110.772903,795,489,2019-08-06,0
4631517,32.221745,-110.926476,757,489,2014-11-18,0
6279781,32.221745,-110.926476,757,489,2015-09-08,1
5895956,32.221745,-110.926476,757,489,2015-06-23,0
30849906,32.221367,-110.784576,827,489,2022-08-06,0
4703221,32.221745,-110.926476,757,489,2014-12-02,0
9672685,32.221745,-110.926476,757,489,2017-01-17,0
3179821,32.329834,-110.849831,946,489,2013-07-12,0
7620942,32.221745,-110.926476,757,489,2016-04-19,0
15888766,32.221745,-110.926476,757,489,2019-02-10,0
8505967,32.221745,-110.926476,757,489,2016-08-23,0
3491491,32.221745,-110.926476,757,489,2014-04-13,0
4430792,32.221745,-110.926476,757,489,2014-10-14,0
8915125,32.221745,-110.926476,757,489,2016-09-27,1
30134204,31.909029,-110.834198,1004,489,2022-03-15,0
7309177,32.221745,-110.926476,757,489,2016-03-22,0
3101781,32.354427,-110.939468,947,489,2013-08-08,0
30658507,32.221367,-110.784576,827,489,2022-07-10,0
6183688,32.221745,-110.926476,757,489,2015-08-19,1
14782375,32.221745,-110.926476,757,489,2018-08-18,1
3179164,32.323166,-110.85717,912,489,2013-07-12,0
29128643,31.909029,-110.834198,1004,489,2021-04-13,1
30691094,32.430599,-110.948799,824,489,2022-07-14,0
6838318,32.25066,-110.946358,734,489,2015-12-08,1
29138773,31.909029,-110.834198,1004,489,2022-01-17,0
2588187,32.212666,-111.001831,794,489,2013-08-06,1
31105037,32.430599,-110.948799,824,489,2022-09-11,1
3314409,32.221745,-110.926476,757,489,2014-03-04,0
4480635,32.270481,-111.108124,844,489,2014-10-21,1
15723279,32.221745,-110.926476,757,489,2018-12-31,0
9090166,32.221745,-110.926476,757,489,2016-10-18,1
8251864,32.221745,-110.926476,757,489,2016-07-12,0
12748365,32.221745,-110.926476,757,489,2018-01-09,0
8716163,32.221745,-110.926476,757,489,2016-09-20,1
30818844,32.430599,-110.948799,824,489,2022-08-04,1
11439386,32.221745,-110.926476,757,489,2017-07-21,1
17674280,32.194801,-110.773102,878,489,2019-08-14,1
6145137,32.221745,-110.926476,757,489,2015-08-12,0
9499942,32.221745,-110.926476,757,489,2016-12-06,0
6183712,32.221745,-110.926476,757,489,2015-08-04,1
3101789,32.354427,-110.939468,947,489,2013-08-08,0
9327434,32.221745,-110.926476,757,489,2016-11-15,0
9643940,32.221745,-110.926476,757,489,2017-01-10,0
5353544,32.221745,-110.926476,757,489,2015-03-31,1
30134254,31.909029,-110.834198,1004,489,2022-03-21,0
6496026,32.221745,-110.926476,757,489,2015-10-13,1
29130656,31.909029,-110.834198,1004,489,2021-06-07,0
9031472,32.221745,-110.926476,757,489,2016-10-11,1
4748594,32.221745,-110.926476,757,489,2014-12-09,0
6413486,32.221745,-110.926476,757,489,2015-09-29,1
15723247,32.221745,-110.926476,757,489,2018-12-31,0
6207177,32.221745,-110.926476,757,489,2015-08-25,1
2559544,32.335339,-111.151489,787,489,2013-08-31,1
5735750,32.221745,-110.926476,757,489,2015-05-26,0
15464881,32.221745,-110.926476,757,489,2018-11-11,1
8450108,32.221745,-110.926476,757,489,2016-08-16,1
4631549,32.221745,-110.926476,757,489,2014-11-18,0
4223302,32.221745,-110.926476,757,489,2014-08-18,1
3987056,32.221745,-110.926476,757,489,2014-07-13,1
17634998,32.0896,-110.773102,916,489,2019-08-08,0
6808458,32.221745,-110.926476,757,489,2015-12-01,0
5821796,32.221745,-110.926476,757,489,2015-06-09,0
6956791,32.221745,-110.926476,757,489,2016-01-18,0
7375731,32.221745,-110.926476,757,489,2016-03-29,0
30908352,32.4006,-111.144203,631,489,2022-08-17,1
15537701,32.221745,-110.926476,757,489,2018-11-25,0
15248562,32.221745,-110.926476,757,489,2018-10-20,1
5353552,32.221745,-110.926476,757,489,2015-03-31,1
29136599,31.909029,-110.834198,1004,489,2021-11-22,0
29132756,31.909029,-110.834198,1004,489,2021-08-04,1
4119324,32.221745,-110.926476,757,489,2014-08-05,1
11575054,32.221745,-110.926476,757,489,2017-08-08,1
29132192,31.909029,-110.834198,1004,489,2021-07-19,0
29135816,31.909029,-110.834198,1004,489,2021-10-18,0
14782359,32.221745,-110.926476,757,489,2018-08-18,1
2588179,32.212666,-111.001831,794,489,2013-07-31,1
29697746,31.909029,-110.834198,1004,489,2022-02-21,0
3179741,32.354427,-110.939468,947,489,2013-11-06,0
8598920,32.221745,-110.926476,757,489,2016-09-06,1
4477085,32.221745,-110.926476,757,489,2014-10-21,1
9435362,32.221745,-110.926476,757,489,2016-11-29,0
6242881,32.221745,-110.926476,757,489,2015-09-01,1
3228714,32.221745,-110.926476,757,489,2014-01-29,0
6207185,32.221745,-110.926476,757,489,2015-08-25,1
9972929,32.221745,-110.926476,757,489,2017-03-05,0
29698013,31.909029,-110.834198,1004,489,2022-03-02,0
2588195,32.212666,-111.001831,794,489,2013-08-06,1
29135611,31.909029,-110.834198,1004,489,2021-10-18,1
6647417,32.221745,-110.926476,757,489,2015-11-03,1
4550899,32.221745,-110.926476,757,489,2014-11-02,1
4521488,32.221745,-110.926476,757,489,2014-10-28,0
9643972,32.221745,-110.926476,757,489,2017-01-10,0
15022886,32.221745,-110.926476,757,489,2018-09-23,0
9739790,32.221745,-110.926476,757,489,2017-01-31,0
3457480,32.354427,-110.939468,947,489,2014-04-06,0
3228514,32.221745,-110.926476,757,489,2014-01-08,0
14592819,32.221745,-110.926476,757,489,2018-07-22,0
4703229,32.221745,-110.926476,757,489,2014-12-02,0
4223442,32.221745,-110.926476,757,489,2014-09-01,1
30134587,31.909029,-110.834198,1004,489,2022-03-28,0
3179843,32.329834,-110.849831,946,489,2013-08-06,0
6650715,32.226444,-110.952347,732,489,2015-10-23,1
2621894,32.21703,-111.036446,777,489,2013-09-19,0
9397190,32.221745,-110.926476,757,489,2016-11-22,0
8716203,32.221745,-110.926476,757,489,2016-09-20,1
8385561,32.221745,-110.926476,757,489,2016-08-03,1
31981813,32.207932,-110.989532,719,489,2022-08-12,1
3179521,32.354427,-110.939468,947,489,2013-09-12,1
3243099,32.284794,-111.03727,689,489,2014-02-02,0
29129240,31.909029,-110.834198,1004,489,2021-04-26,0
2588131,32.22612,-111.000984,719,489,2013-08-29,0
6741368,32.221745,-110.926476,757,489,2015-11-17,1
3179702,32.354427,-110.939468,947,489,2013-10-03,0
6859685,32.221745,-110.926476,757,489,2015-12-15,0
29135247,31.909029,-110.834198,1004,489,2021-10-04,1
6046495,32.221745,-110.926476,757,489,2015-07-21,0
14443094,32.221745,-110.926476,757,489,2018-07-02,0
14592803,32.221745,-110.926476,757,489,2018-07-22,0
8290645,32.221745,-110.926476,757,489,2016-07-19,0
11789921,32.221745,-110.926476,757,489,2017-09-05,0
9869321,32.221745,-110.926476,757,489,2017-02-20,0
15741349,32.221745,-110.926476,757,489,2019-01-06,0
8598912,32.221745,-110.926476,757,489,2016-09-06,0
14364006,32.221745,-110.926476,757,489,2018-06-23,1
29133751,31.909029,-110.834198,1004,489,2021-08-30,1
4274482,32.221745,-110.926476,757,489,2014-09-14,1
9672677,32.221745,-110.926476,757,489,2017-01-17,0
29136573,31.909029,-110.834198,1004,489,2021-11-15,1
8972981,32.221745,-110.926476,757,489,2016-10-04,1
3179354,32.326332,-110.853836,914,489,2013-12-03,1
29135734,31.909029,-110.834198,1004,489,2021-10-18,1
4798239,32.221745,-110.926476,757,489,2014-12-23,0
3705241,32.270481,-111.108124,844,489,2014-05-01,0
8420992,32.221745,-110.926476,757,489,2016-08-09,1
3987244,32.270481,-111.108124,844,489,2014-06-12,0
29126931,31.909029,-110.834198,1004,489,2021-03-01,0
8505999,32.221745,-110.926476,757,489,2016-08-23,1
17614929,32.210743,-110.99173,855,489,2019-08-05,1
30730362,32.340065,-110.897728,1167,489,2022-07-24,0
3343053,32.221745,-110.926476,757,489,2014-03-11,0
29137121,31.909029,-110.834198,1004,489,2021-11-29,1
14411198,32.348148,-110.854065,1157,489,2018-06-29,0
9869284,32.221745,-110.926476,757,489,2017-02-20,0
6537109,32.221745,-110.926476,757,489,2015-10-20,1
5895980,32.221745,-110.926476,757,489,2015-06-23,0
4386699,32.221745,-110.926476,757,489,2014-10-07,0
29697616,31.909029,-110.834198,1004,489,2022-02-15,0
14840009,32.221745,-110.926476,757,489,2018-08-28,1
4386667,32.221745,-110.926476,757,489,2014-10-07,0
6279765,32.221745,-110.926476,757,489,2015-09-08,1
3179322,32.329834,-110.849831,946,489,2013-12-11,0
3179647,32.354427,-110.939468,947,489,2013-09-27,0
29697184,31.909029,-110.834198,1004,489,2022-02-08,0
6075838,32.221745,-110.926476,757,489,2015-07-28,0
8332767,32.221745,-110.926476,757,489,2016-07-26,0
14782367,32.221745,-110.926476,757,489,2018-08-18,1
31981781,32.216526,-110.993439,724,489,2022-09-09,0
29135442,31.909029,-110.834198,1004,489,2021-10-11,1
6183728,32.221745,-110.926476,757,489,2015-08-04,1
2588163,32.212666,-111.001831,794,489,2013-07-31,1
4917249,32.221745,-110.926476,757,489,2015-01-27,0
4938190,32.221745,-110.926476,757,489,2015-02-02,0
14746294,32.221745,-110.926476,757,489,2018-08-12,1
9256257,32.221745,-110.926476,757,489,2016-11-07,1
3179281,32.323166,-110.85717,912,489,2013-12-22,0
11727839,32.221745,-110.926476,757,489,2017-08-29,1
8290677,32.221745,-110.926476,757,489,2016-07-19,0
8420976,32.221745,-110.926476,757,489,2016-08-09,1
5895932,32.221745,-110.926476,757,489,2015-06-16,0
5780828,32.221745,-110.926476,757,489,2015-06-02,0
16199513,32.221745,-110.926476,757,489,2019-03-24,0
3179710,32.354427,-110.939468,947,489,2013-10-03,0
30882390,32.277527,-110.86657,787,489,2022-08-14,1
33695945,32.348148,-110.854065,1157,489,2023-05-27,0
6368532,32.221745,-110.926476,757,489,2015-09-22,1
5168123,32.221745,-110.926476,757,489,2015-02-17,1
4078912,32.221745,-110.926476,757,489,2014-07-27,1
8290661,32.221745,-110.926476,757,489,2016-07-19,0
3250133,32.284794,-111.03727,689,489,2014-02-09,0
8332775,32.221745,-110.926476,757,489,2016-07-26,0
15888750,32.221745,-110.926476,757,489,2019-02-10,0
14782391,32.221745,-110.926476,757,489,2018-08-18,1
9739822,32.221745,-110.926476,757,489,2017-01-31,0
10117106,32.221745,-110.926476,757,489,2017-03-12,0
4298966,32.284794,-111.03727,689,489,2014-09-15,1
3110842,32.326332,-110.853836,914,489,2013-06-28,0
3110937,32.326332,-110.853836,914,489,2013-11-21,0
29128241,31.909029,-110.834198,1004,489,2021-04-06,1
5207520,32.221745,-110.926476,757,489,2015-03-01,1
15692736,32.221745,-110.926476,757,489,2018-12-23,0
2652215,32.21703,-111.036446,777,489,2013-09-26,0
6183720,32.221745,-110.926476,757,489,2015-08-04,1
7157738,32.221745,-110.926476,757,489,2016-03-01,0
11679650,32.221745,-110.926476,757,489,2017-08-22,1
29134518,31.909029,-110.834198,1004,489,2021-09-20,1
29128497,31.909029,-110.834198,1004,489,2021-04-06,1
3228546,32.221745,-110.926476,757,489,2014-01-08,0
14964879,32.221745,-110.926476,757,489,2018-09-15,0
17634984,32.194801,-110.773102,878,489,2019-08-08,1
3179623,32.354427,-110.939468,947,489,2013-09-27,0
6770057,32.221745,-110.926476,757,489,2015-11-24,1
3110890,32.326332,-110.853836,914,489,2013-08-23,0
4798207,32.221745,-110.926476,757,489,2014-12-16,0
2588211,32.212666,-111.001831,794,489,2013-08-13,1
7979456,32.221745,-110.926476,757,489,2016-05-19,0
29127565,31.909029,-110.834198,1004,489,2021-03-15,1
29127896,31.909029,-110.834198,1004,489,2021-03-22,1
29133095,31.909029,-110.834198,1004,489,2021-08-09,1
4938206,32.221745,-110.926476,757,489,2015-02-02,0
11849213,32.221745,-110.926476,757,489,2017-09-12,0
4136348,32.221745,-110.926476,757,489,2014-08-10,0
6859693,32.221745,-110.926476,757,489,2015-12-15,0
5195723,32.221745,-110.926476,757,489,2015-02-24,0
29127745,31.909029,-110.834198,1004,489,2021-03-22,1
3179338,32.329834,-110.849831,946,489,2013-12-31,1
3179458,32.354427,-110.939468,947,489,2013-07-11,0
29130017,31.909029,-110.834198,1004,489,2021-05-17,0
9972889,32.221745,-110.926476,757,489,2017-02-27,0
3179537,32.354427,-110.939468,947,489,2013-09-12,1
6808466,32.221745,-110.926476,757,489,2015-12-01,0
8659110,32.221745,-110.926476,757,489,2016-09-13,1
17634968,32.337002,-110.6912,1324,489,2019-08-08,0
3110906,32.326332,-110.853836,914,489,2013-09-10,1
7684395,32.221745,-110.926476,757,489,2016-04-26,0
5496461,32.221745,-110.926476,757,489,2015-04-21,0
4198570,32.270481,-111.108124,844,489,2014-08-24,1
3788612,32.270481,-111.108124,844,489,2014-05-29,0
6368540,32.221745,-110.926476,757,489,2015-09-22,1
29138478,31.909029,-110.834198,1004,489,2022-01-05,0
29136161,31.909029,-110.834198,1004,489,2021-11-08,0
4677012,32.221745,-110.926476,757,489,2014-11-24,0
8385537,32.221745,-110.926476,757,489,2016-08-03,0
7117929,32.221745,-110.926476,757,489,2016-02-23,0
29130343,31.909029,-110.834198,1004,489,2021-06-01,1
15652685,32.221745,-110.926476,757,489,2018-12-15,0
16471987,32.221745,-110.926476,757,489,2019-04-14,0
9090158,32.221745,-110.926476,757,489,2016-10-18,1
7253059,32.221745,-110.926476,757,489,2016-03-15,0
6000262,32.221745,-110.926476,757,489,2015-07-13,0
4033020,32.221745,-110.926476,757,489,2014-07-20,1
6770049,32.221745,-110.926476,757,489,2015-11-24,0
29126696,31.909029,-110.834198,1004,489,2021-02-22,0
29135016,31.909029,-110.834198,1004,489,2021-10-04,1
6242857,32.221745,-110.926476,757,489,2015-09-01,1
29130357,31.909029,-110.834198,1004,489,2021-06-01,0
5168147,32.221745,-110.926476,757,489,2015-02-17,0
5604256,32.221745,-110.926476,757,489,2015-05-05,0
6478508,32.221745,-110.926476,757,489,2015-10-09,1
2553084,32.335339,-111.151489,787,489,2013-08-08,0
7979464,32.221745,-110.926476,757,489,2016-05-31,0
6478484,32.221745,-110.926476,757,489,2015-10-09,1
4631541,32.221745,-110.926476,757,489,2014-11-18,0
6183744,32.221745,-110.926476,757,489,2015-08-04,0
3179258,32.323166,-110.85717,912,489,2013-11-27,0
8218346,32.221745,-110.926476,757,489,2016-07-05,0
17634871,32.0896,-110.773102,916,489,2019-08-06,0
30532549,32.213741,-110.985985,721,489,2022-06-28,1
29134263,31.909029,-110.834198,1004,489,2021-09-13,1
30626058,32.338001,-110.902496,1046,489,2022-07-10,0
3433808,32.270481,-111.108124,844,489,2014-03-20,0
7375723,32.221745,-110.926476,757,489,2016-03-29,0
29134929,31.909029,-110.834198,1004,489,2021-09-27,1
17579458,32.278202,-110.77314,824,489,2019-07-30,0
17674272,32.233799,-110.772903,795,489,2019-08-14,1
3179686,32.354427,-110.939468,947,489,2013-10-03,0
29137357,31.909029,-110.834198,1004,489,2021-12-06,0
5353560,32.221745,-110.926476,757,489,2015-03-31,0
29128980,31.909029,-110.834198,1004,489,2021-04-21,1
4703213,32.221745,-110.926476,757,489,2014-12-02,0
29129961,31.909029,-110.834198,1004,489,2021-05-17,0
14901901,32.221745,-110.926476,757,489,2018-09-06,1
15022894,32.221745,-110.926476,757,489,2018-09-23,0
4550891,32.221745,-110.926476,757,489,2014-11-02,1
15692720,32.221745,-110.926476,757,489,2018-12-23,0
3370341,32.270481,-111.108124,844,489,2014-03-13,0
9643964,32.221745,-110.926476,757,489,2017-01-10,0
8915133,32.221745,-110.926476,757,489,2016-09-27,0
30691102,32.430599,-110.948799,824,489,2022-07-13,0
12976937,32.221745,-110.926476,757,489,2018-02-19,0
3273716,32.354427,-110.939468,947,489,2014-02-14,1
29139190,31.909029,-110.834198,1004,489,2022-01-24,0
5971702,32.221745,-110.926476,757,489,2015-07-07,0
29128139,31.909029,-110.834198,1004,489,2021-03-29,1
15692712,32.221745,-110.926476,757,489,2018-12-23,0
17674317,32.166607,-110.942673,771,489,2019-08-14,0
30849898,32.221367,-110.784576,827,489,2022-08-03,0
5735766,32.221745,-110.926476,757,489,2015-05-26,0
13310645,32.221745,-110.926476,757,489,2018-03-26,0
13215300,34.196602,-118.102501,436,489,2018-03-16,1
29134021,31.909029,-110.834198,1004,489,2021-09-07,1
30134126,31.909029,-110.834198,1004,489,2022-03-15,0
6770065,32.221745,-110.926476,757,489,2015-11-24,0
3179156,32.323166,-110.85717,912,489,2013-07-08,0
9397182,32.221745,-110.926476,757,489,2016-11-22,0
3179593,32.354427,-110.939468,947,489,2013-09-20,1
29130292,31.909029,-110.834198,1004,489,2021-05-24,0
29131639,31.909029,-110.834198,1004,489,2021-07-06,0
29696960,31.909029,-110.834198,1004,489,2022-02-02,0
17557617,32.003471,-110.632599,1048,489,2019-07-29,0
30135008,31.909029,-110.834198,1004,489,2022-04-04,0
3179899,32.329834,-110.849831,946,489,2013-11-01,0
29134456,31.909029,-110.834198,1004,489,2021-09-20,1
5207528,32.221745,-110.926476,757,489,2015-03-01,1
8716187,32.221745,-110.926476,757,489,2016-09-20,1
29138330,31.909029,-110.834198,1004,489,2022-01-05,0
4550907,32.221745,-110.926476,757,489,2014-11-02,1
17634942,32.210743,-110.99173,855,489,2019-08-07,1
4223278,32.221745,-110.926476,757,489,2014-08-10,1
29133784,31.909029,-110.834198,1004,489,2021-08-30,1
3179718,32.354427,-110.939468,947,489,2013-11-06,0
5232796,32.221745,-110.926476,757,489,2015-03-10,1
17856777,32.210743,-110.99173,855,489,2019-09-08,0
30998131,32.23296,-110.862015,770,489,2022-08-28,1
29127497,31.909029,-110.834198,1004,489,2021-03-15,0
6496058,32.221745,-110.926476,757,489,2015-10-13,1
3243097,32.270481,-111.108124,844,489,2014-02-07,0
9397198,32.221745,-110.926476,757,489,2016-11-22,0
9031440,32.221745,-110.926476,757,489,2016-10-11,1
6145129,32.221745,-110.926476,757,489,2015-08-12,1
4223318,32.221745,-110.926476,757,489,2014-08-18,1
7253067,32.221745,-110.926476,757,489,2016-03-15,0
4938182,32.221745,-110.926476,757,489,2015-02-02,0
3110930,32.326332,-110.853836,914,489,2013-11-01,0
7209207,32.221745,-110.926476,757,489,2016-03-08,0
30134183,31.909029,-110.834198,1004,489,2022-03-15,0
29136184,31.909029,-110.834198,1004,489,2021-11-08,1
15585006,32.221745,-110.926476,757,489,2018-12-01,0
5545314,32.221745,-110.926476,757,489,2015-04-28,0
12042561,32.221745,-110.926476,757,489,2017-10-03,0
30900249,32.23296,-110.862015,770,489,2022-08-15,1
4963217,32.221745,-110.926476,757,489,2015-02-10,0
7057546,32.221745,-110.926476,757,489,2016-02-09,0
3179481,32.354427,-110.939468,947,489,2013-07-11,0
30133894,31.909029,-110.834198,1004,489,2022-03-07,0
30691086,32.430599,-110.948799,824,489,2022-07-06,0
29129002,31.909029,-110.834198,1004,489,2021-04-26,1
5545336,32.221745,-110.926476,757,489,2015-04-28,0
6183680,32.221745,-110.926476,757,489,2015-08-19,1
5545320,32.221745,-110.926476,757,489,2015-04-28,0
29131092,31.909029,-110.834198,1004,489,2021-06-21,0
4748586,32.221745,-110.926476,757,489,2014-12-09,0
3110834,32.326332,-110.853836,914,489,2013-06-22,0
14901877,32.221745,-110.926476,757,489,2018-09-06,1
29697760,31.909029,-110.834198,1004,489,2022-02-21,0
8385553,32.221745,-110.926476,757,489,2016-08-03,1
6690901,32.221745,-110.926476,757,489,2015-11-10,1
7375747,32.221745,-110.926476,757,489,2016-03-29,0
29137339,31.909029,-110.834198,1004,489,2021-12-06,0
3228498,32.221745,-110.926476,757,489,2014-01-08,1
30691118,32.455658,-110.981216,903,489,2022-07-17,0
29126805,31.909029,-110.834198,1004,489,2021-03-01,0
10117341,32.221745,-110.926476,757,489,2017-03-21,0
4386683,32.221745,-110.926476,757,489,2014-10-07,1
30755299,32.4006,-111.144203,631,489,2022-07-27,0
3179671,32.354427,-110.939468,947,489,2013-10-03,0
2479727,32.300781,-110.771034,849,489,2013-08-07,0
11500199,32.221745,-110.926476,757,489,2017-07-29,1
30134970,31.909029,-110.834198,1004,489,2022-04-04,0
13310629,32.221745,-110.926476,757,489,2018-03-26,1
14746286,32.221745,-110.926476,757,489,2018-08-12,1
9435354,32.221745,-110.926476,757,489,2016-11-29,0
29696827,31.909029,-110.834198,1004,489,2022-02-02,0
14746302,32.221745,-110.926476,757,489,2018-08-12,1
3987030,32.221745,-110.926476,757,489,2014-07-13,0
15852703,32.221745,-110.926476,757,489,2019-02-02,0
15773624,32.221745,-110.926476,757,489,2019-01-15,0
7309208,32.221745,-110.926476,757,489,2016-03-22,0
29130526,31.909029,-110.834198,1004,489,2021-06-01,0
3179410,32.354427,-110.939468,947,489,2013-07-03,0
9256288,32.221745,-110.926476,757,489,2016-11-07,0
15923153,32.221745,-110.926476,757,489,2019-02-17,0
4748562,32.221745,-110.926476,757,489,2014-12-09,0
3179585,32.354427,-110.939468,947,489,2013-09-20,0
15741373,32.221745,-110.926476,757,489,2019-01-06,0
32833316,32.216526,-110.993439,724,489,2023-03-31,0
4480638,32.284794,-111.03727,689,489,2014-10-20,1
17614937,32.216526,-110.993439,724,489,2019-08-05,0
29137797,31.909029,-110.834198,1004,489,2021-12-20,0
15852735,32.221745,-110.926476,757,489,2019-02-02,0
7253075,32.221745,-110.926476,757,489,2016-03-15,0
3343005,32.221745,-110.926476,757,489,2014-03-11,0
29128153,31.909029,-110.834198,1004,489,2021-03-29,1
3101749,32.354427,-110.939468,947,489,2013-08-08,0
30943287,32.338001,-110.902496,1046,489,2022-08-06,1
4477077,32.221745,-110.926476,757,489,2014-10-21,1
14592795,32.221745,-110.926476,757,489,2018-07-22,0
6242865,32.221745,-110.926476,757,489,2015-09-01,1
29132836,31.909029,-110.834198,1004,489,2021-08-04,1
9327410,32.221745,-110.926476,757,489,2016-11-15,0
15537685,32.221745,-110.926476,757,489,2018-11-25,0
9397166,32.221745,-110.926476,757,489,2016-11-22,0
6496050,32.221745,-110.926476,757,489,2015-10-13,1
3179314,32.329834,-110.849831,946,489,2013-12-03,0
31981757,32.216526,-110.993439,724,489,2022-08-19,1
29135649,31.909029,-110.834198,1004,489,2021-10-18,1
29697413,31.909029,-110.834198,1004,489,2022-02-15,0
30133945,31.909029,-110.834198,1004,489,2022-03-15,0
6145105,32.221745,-110.926476,757,489,2015-08-12,1
5393261,32.221745,-110.926476,757,489,2015-04-07,0
3299292,32.221745,-110.926476,757,489,2014-02-25,0
4917273,32.221745,-110.926476,757,489,2015-01-27,0
8915109,32.221745,-110.926476,757,489,2016-09-27,1
5821804,32.221745,-110.926476,757,489,2015-06-09,0
3228408,32.221745,-110.926476,757,489,2013-12-30,0
5267766,32.221745,-110.926476,757,489,2015-03-17,1
6279757,32.221745,-110.926476,757,489,2015-09-08,1
11789905,32.221745,-110.926476,757,489,2017-09-05,0
4223326,32.221745,-110.926476,757,489,2014-08-18,1
8251848,32.221745,-110.926476,757,489,2016-07-12,0
3228610,32.221745,-110.926476,757,489,2014-01-21,0
29133212,31.909029,-110.834198,1004,489,2021-08-16,1
30874924,32.221367,-110.784576,827,489,2022-08-09,0
12042553,32.221745,-110.926476,757,489,2017-10-03,0
29127393,31.909029,-110.834198,1004,489,2021-03-15,1
11727847,32.221745,-110.926476,757,489,2017-08-29,1
8385521,32.221745,-110.926476,757,489,2016-08-03,1
29133376,31.909029,-110.834198,1004,489,2021-08-16,1
2733428,32.335339,-111.151489,787,489,2013-10-14,0
4753421,32.270481,-111.108124,844,489,2014-11-24,1
3705243,32.270481,-111.108124,844,489,2014-05-08,0
15584982,32.221745,-110.926476,757,489,2018-12-01,0
2570045,32.329834,-110.849831,946,489,2013-06-28,0
9869292,32.221745,-110.926476,757,489,2017-02-20,0
3228280,32.221745,-110.926476,757,489,2013-12-17,1
3228602,32.221745,-110.926476,757,489,2014-01-14,0
3179609,32.354427,-110.939468,947,489,2013-09-20,0
30854067,32.213741,-110.985985,721,489,2022-08-10,1
4167511,32.221745,-110.926476,757,489,2014-08-18,1
11727877,32.221745,-110.926476,757,489,2017-08-29,1
