file_name,labels,preds
10117098.png,0,0
10117122.png,0,0
10117130.png,0,0
10117138.png,0,0
10117325.png,0,0
10117349.png,0,0
10191411.png,0,0
11378320.png,0,0
11378328.png,0,0
11378336.png,0,0
11378344.png,0,0
11378352.png,0,0
11439378.png,1,1
11439386.png,1,1
11439402.png,1,1
11439410.png,1,1
11500183.png,1,1
11500191.png,1,1
11500199.png,1,1
11500215.png,1,1
11500223.png,1,1
11575014.png,1,1
11575030.png,1,1
11575038.png,1,1
11575046.png,1,1
11679634.png,1,1
11679642.png,1,1
11679650.png,1,1
11679674.png,1,1
11727839.png,1,1
11727861.png,1,1
11727869.png,0,1
11789881.png,1,0
11789889.png,0,0
11789905.png,0,0
11789913.png,0,0
11789921.png,0,0
11849189.png,1,0
11849197.png,0,0
11849205.png,0,0
11849213.png,0,0
11849221.png,0,0
11849229.png,0,0
11914146.png,1,0
11914170.png,0,0
11914178.png,0,0
11914186.png,0,0
12042553.png,0,0
12042561.png,0,0
12042576.png,0,0
12042592.png,0,0
12721135.png,0,0
12721142.png,0,0
12748365.png,0,0
12976937.png,0,0
12976953.png,0,0
12976977.png,0,0
13051995.png,0,0
13052019.png,0,0
13175126.png,0,0
13175134.png,0,0
13175150.png,0,0
13215300.png,1,1
13310629.png,1,0
13310637.png,0,0
13310645.png,0,0
13310661.png,0,0
13310669.png,0,0
13578885.png,0,0
13578901.png,0,0
13578909.png,0,0
13578917.png,0,0
13578925.png,0,0
14364006.png,1,0
14364022.png,0,0
14364030.png,1,0
14364038.png,0,0
14364046.png,0,0
14411190.png,0,0
14443070.png,1,1
14443078.png,0,0
14443086.png,0,1
14443094.png,0,1
14443110.png,0,1
14471260.png,0,0
14531875.png,1,0
14531891.png,0,0
14531899.png,0,0
14531915.png,0,0
14534807.png,0,0
14592803.png,0,1
14592819.png,0,1
14592835.png,0,1
14651774.png,0,0
14651790.png,0,0
14651814.png,0,0
14698623.png,0,1
14698631.png,0,1
14698655.png,0,1
14698663.png,0,1
14746278.png,1,1
14746286.png,1,1
14746294.png,1,1
14746302.png,1,1
14782359.png,1,1
14782367.png,1,1
14782383.png,1,1
14782391.png,1,1
14840009.png,1,1
14840017.png,1,1
14840025.png,1,1
14840033.png,1,1
14840041.png,0,1
14840049.png,1,1
14901885.png,1,1
14901901.png,1,1
14901909.png,0,1
14901917.png,1,1
14964879.png,0,1
14964887.png,0,1
14964895.png,0,1
14964911.png,0,0
15022870.png,0,1
15022878.png,0,1
15022894.png,0,1
15126119.png,1,1
15126127.png,1,1
15126143.png,0,1
15126150.png,1,1
15248546.png,1,1
15248554.png,1,1
15248562.png,1,1
15248570.png,1,1
15248586.png,1,1
15323702.png,1,1
15323710.png,1,1
15323734.png,1,1
15323742.png,1,1
15464865.png,0,0
15464873.png,1,0
15464881.png,1,0
15464889.png,0,0
15464897.png,0,0
15464905.png,0,0
15537677.png,0,0
15537685.png,0,0
15537693.png,0,0
15537709.png,0,0
15537717.png,0,0
15584990.png,0,0
15585014.png,0,0
15585022.png,0,0
15626042.png,0,0
15626050.png,0,0
15626058.png,0,0
15626074.png,0,0
15626082.png,0,0
15652669.png,0,0
15652677.png,0,0
15652693.png,0,0
15692704.png,0,0
15692712.png,0,0
15692720.png,0,0
15692728.png,0,0
15692736.png,0,0
15692744.png,0,0
15723239.png,0,0
15723271.png,0,0
15723279.png,0,0
15741357.png,0,0
15741365.png,0,0
15741373.png,0,0
15741381.png,0,0
15773609.png,0,0
15773617.png,0,0
15773640.png,0,0
15852703.png,0,0
15852711.png,0,0
15852719.png,0,0
15852727.png,0,0
15888750.png,0,0
15888766.png,0,0
15923145.png,0,0
15923161.png,0,0
15923177.png,0,0
15923185.png,0,0
15959659.png,0,0
15959667.png,0,0
15959675.png,0,0
15959683.png,0,0
15959691.png,0,0
15959699.png,0,0
16199497.png,0,0
16199513.png,0,0
16199530.png,0,0
16471979.png,0,0
16471987.png,0,0
16472003.png,0,0
16472011.png,0,0
16472019.png,0,0
17192096.png,0,0
17540861.png,0,0
17540887.png,0,0
17540929.png,1,1
17557617.png,0,1
17557625.png,0,0
17565455.png,1,1
17565463.png,1,1
17579449.png,0,0
17579471.png,1,0
17579487.png,0,1
17593773.png,1,1
17593781.png,1,1
17594061.png,0,0
17594069.png,0,0
17614921.png,0,0
17614929.png,1,1
17634863.png,0,0
17634887.png,1,1
17634926.png,0,0
17634934.png,1,0
17634942.png,1,1
17634950.png,1,1
17634968.png,0,0
17634976.png,0,0
17634992.png,1,0
17634998.png,0,0
17635011.png,0,0
17661293.png,0,0
17661301.png,0,1
17674272.png,1,0
17674280.png,1,1
17674296.png,0,0
17674309.png,1,1
17855666.png,1,1
17856777.png,0,1
2150.png,0,0
2152.png,0,0
2153.png,0,1
2160.png,1,0
2161.png,1,0
2163.png,0,0
2173.png,0,0
2177.png,1,0
2178.png,1,0
2180.png,0,0
2185.png,0,0
2186.png,1,0
2188.png,1,1
2190.png,1,0
2193.png,1,1
2194.png,0,0
2199.png,0,0
2202.png,1,1
2204.png,0,0
2211.png,1,0
2230.png,0,0
22952072.png,0,0
24692034.png,0,0
26633189.png,1,0
2709.png,0,1
28029908.png,1,0
28030005.png,0,0
28030046.png,1,0
28030191.png,1,0
29126216.png,0,0
29126269.png,0,0
29126419.png,0,0
29126597.png,0,0
29126672.png,0,0
29127186.png,0,1
29127206.png,1,1
29127345.png,1,0
29127374.png,1,0
29127497.png,0,0
29127721.png,1,1
29127745.png,1,1
29127905.png,1,1
29128015.png,1,1
29128125.png,1,1
29128153.png,1,1
29128170.png,1,1
29128287.png,1,1
29128384.png,1,1
29128452.png,1,1
29128665.png,1,0
29128895.png,1,0
29128980.png,1,0
29129126.png,1,1
29129240.png,0,1
29129282.png,1,0
29129283.png,0,0
29129499.png,1,0
29129761.png,1,0
29129831.png,0,0
29129961.png,0,0
29129996.png,1,0
29130017.png,0,0
29130070.png,0,0
29130469.png,0,0
29130580.png,1,0
29130597.png,0,0
29130733.png,0,0
29130736.png,0,0
29130836.png,0,0
29130868.png,0,0
29130945.png,0,0
29131042.png,0,0
29131092.png,0,0
29131253.png,0,0
29131303.png,0,0
29131465.png,0,0
29131483.png,0,0
29131512.png,0,0
29131623.png,0,0
29131668.png,0,0
29131704.png,0,0
29131768.png,0,0
29131892.png,0,0
29131998.png,0,0
29132199.png,0,0
29132278.png,0,0
29132373.png,0,0
29132522.png,1,0
29132579.png,0,0
29132605.png,1,0
29132632.png,1,1
29132756.png,1,1
29132836.png,1,1
29132851.png,1,1
29132880.png,1,1
29132897.png,1,1
29132923.png,1,1
29132963.png,1,1
29133095.png,1,1
29133212.png,1,1
29133343.png,1,1
29133355.png,1,1
29133443.png,1,1
29133480.png,1,1
29133566.png,1,1
29133648.png,1,1
29133713.png,1,1
29133727.png,1,1
29133733.png,1,1
29133751.png,1,1
29134038.png,1,0
29134220.png,1,1
29134263.png,1,1
29134294.png,1,1
29134296.png,1,1
29134313.png,1,1
29134456.png,1,1
29134518.png,1,1
29134880.png,1,1
29134935.png,1,1
29134950.png,1,1
29135016.png,1,1
29135037.png,1,1
29135105.png,1,1
29135292.png,0,1
29135379.png,1,1
29135450.png,1,1
29135732.png,1,0
29135734.png,1,0
29136184.png,1,0
29136199.png,1,0
29136256.png,0,0
29136317.png,1,0
29136392.png,0,0
29136405.png,0,0
29136478.png,0,0
29136594.png,1,1
29136599.png,0,1
29136696.png,1,1
29137019.png,1,0
29137047.png,0,0
29137072.png,0,0
29137124.png,0,0
29137213.png,0,0
29137298.png,1,0
29137339.png,0,0
29137481.png,0,0
29137566.png,0,0
29137766.png,0,0
29137784.png,0,0
29137797.png,0,0
29137871.png,0,0
29138008.png,0,1
29138018.png,0,1
29138045.png,0,1
29138083.png,1,1
29138186.png,0,1
29138311.png,0,0
29138330.png,0,0
29138440.png,0,0
29138444.png,0,0
29138594.png,0,0
29138640.png,0,0
29138760.png,0,0
29138773.png,0,0
29138867.png,0,0
29138919.png,0,0
29138923.png,0,0
29139151.png,0,0
29139216.png,0,0
29139254.png,0,0
29139278.png,0,0
29696827.png,0,0
29696889.png,0,0
29696960.png,0,0
29696961.png,0,0
29697164.png,0,0
29697229.png,0,0
29697233.png,0,0
29697284.png,0,0
29697379.png,0,0
29697413.png,0,0
29697471.png,0,0
29697679.png,0,0
29697746.png,0,0
29697950.png,0,0
29698013.png,0,0
29698096.png,0,0
2990.png,0,0
2991.png,0,1
2992.png,0,0
2993.png,0,0
3001.png,0,0
3007.png,0,0
3008.png,0,0
3013.png,0,0
30133675.png,0,0
30133740.png,0,0
30133894.png,0,0
30134183.png,0,0
30134203.png,0,0
30134254.png,0,0
30134402.png,0,0
30134417.png,0,0
30134528.png,0,0
30134610.png,0,0
30134645.png,0,0
30134705.png,0,0
30134830.png,0,0
30134970.png,0,0
30134985.png,0,0
3018.png,0,0
3019.png,0,0
3020.png,0,0
3028.png,1,1
3029.png,0,0
3030.png,1,1
3032.png,0,0
3033.png,0,1
3034.png,0,0
3035.png,1,1
3036.png,1,0
3038.png,0,0
3039.png,1,0
3040.png,0,0
3041.png,0,0
3043.png,1,1
3044.png,1,1
3046.png,0,0
3047.png,1,1
3048.png,1,1
3049.png,0,0
3050.png,0,0
30505327.png,0,0
3051.png,0,0
30511950.png,0,0
3053.png,1,0
30532430.png,1,1
30551220.png,0,0
3057.png,0,0
30572848.png,0,1
3058.png,0,0
3061.png,0,0
30626050.png,0,0
30630506.png,0,0
30630821.png,0,1
3066.png,0,0
3067.png,0,0
30679482.png,0,1
30679490.png,0,0
30691086.png,0,0
30691094.png,0,0
3070.png,0,0
30705175.png,1,1
30707624.png,0,0
3071.png,1,1
30730362.png,0,0
3074.png,1,1
3075.png,1,1
30753319.png,0,0
30755299.png,0,0
30764026.png,0,0
30764034.png,0,1
3077.png,0,0
30770137.png,0,0
3078.png,0,0
30783181.png,1,1
30783184.png,1,1
3079.png,0,0
30793317.png,0,0
3080.png,0,0
30802410.png,0,0
30805562.png,0,0
3083.png,0,0
3084.png,0,0
30849867.png,0,0
30849874.png,0,0
30849898.png,0,0
30849906.png,0,0
30849913.png,0,0
30849920.png,0,0
30849934.png,0,0
30854067.png,1,1
30859467.png,0,1
30874830.png,1,1
30874931.png,0,0
30875948.png,1,1
30876146.png,1,1
30882296.png,0,0
30900249.png,1,1
30908352.png,1,1
30930397.png,1,1
30943287.png,1,0
30943295.png,1,1
30965596.png,1,1
30994900.png,1,1
30994908.png,1,1
30998131.png,1,1
31104915.png,1,1
31105037.png,1,1
31147882.png,1,1
31232656.png,0,0
31365824.png,0,0
3145.png,0,0
3146.png,0,1
3147.png,0,1
3148.png,0,1
3150.png,1,1
3151.png,0,1
3152.png,0,1
3156.png,0,0
3157.png,0,0
3158.png,1,1
3159.png,1,1
3161.png,1,1
3164.png,1,1
3166.png,1,1
3169.png,1,1
3170.png,1,1
3172.png,1,1
3173.png,1,1
3175.png,1,1
3176.png,1,1
3180.png,1,1
3181.png,1,1
3182.png,1,1
3186.png,1,1
3187.png,1,1
3189.png,1,1
3191.png,1,1
3192.png,1,1
3193.png,1,1
3195.png,1,1
3197.png,1,1
3198.png,1,1
31981741.png,1,1
31981765.png,1,1
31981773.png,1,1
31981805.png,0,1
31981821.png,1,1
31981837.png,1,1
3199.png,1,1
3202.png,1,1
3203.png,1,1
3205.png,1,1
3211.png,0,1
3214.png,0,0
3216.png,0,1
3217.png,1,1
3218.png,0,1
3221.png,0,1
3222.png,1,1
3223.png,1,1
33695945.png,0,0
33699270.png,0,0
33758490.png,0,0
33758492.png,0,0
33808836.png,0,0
9643892.png,0,0
9643900.png,0,0
9643908.png,0,0
9643916.png,0,0
9643924.png,0,0
9643932.png,0,0
9643940.png,0,0
9643956.png,0,0
9643972.png,0,0
9672677.png,0,0
9672701.png,0,0
9704344.png,0,0
9704352.png,0,0
9704360.png,0,0
9739790.png,0,0
9739798.png,0,0
9739814.png,0,0
9739822.png,0,0
9788630.png,0,0
9788654.png,0,0
9836104.png,0,0
9836112.png,0,0
9836120.png,0,0
9836128.png,0,0
9869284.png,0,0
9869292.png,0,0
9869297.png,0,0
9869305.png,0,0
9869313.png,0,0
9869321.png,0,0
9972873.png,0,0
9972889.png,0,0
9972897.png,0,0
9972913.png,0,0
9972921.png,0,0
9972937.png,0,0
9972945.png,0,0
9972953.png,0,0
